entry_time,exit_time,dir,entry_px,exit_px,tp1_hit,tp1_pct,exit_pct,total_pnl%,total_usd,equity,exit,bars,at_level,rsi_at_entry,vol_ratio,month
2025-03-26 11:00,2025-03-26 11:30,LONG,88263.02,88169.29,False,0.0,-0.1612,-0.806,-80.6,9919.4,SL,2,SwingH,51.7,1.0,2025-03
2025-03-26 12:00,2025-03-26 12:15,LONG,88000.24,87861.54,False,0.0,-0.2126,-1.0631,-105.45,9813.95,SL,1,RoundN,46.5,1.0,2025-03
2025-03-28 13:45,2025-03-28 14:45,SHORT,84974.5,84203.0,True,0.4898,0.8529,3.1538,314.06,10128.02,TP2,4,RoundN,44.5,1.0,2025-03
2025-03-29 09:00,2025-03-29 09:45,SHORT,83800.34,83538.09,True,0.1328,0.2579,0.9126,92.8,10220.81,TP2,3,SwingH,45.8,1.0,2025-03
2025-03-30 07:00,2025-03-30 07:30,LONG,83297.04,83165.76,False,0.0,-0.2126,-1.063,-108.65,10112.16,SL,2,SwingH,53.8,1.0,2025-03
2025-04-02 12:45,2025-04-02 13:15,LONG,85050.13,84795.01,False,0.0,-0.355,-1.7748,-179.47,9932.69,SL,2,RoundN,49.0,1.0,2025-04
2025-04-09 10:00,2025-04-09 10:15,LONG,77492.22,77211.51,False,0.0,-0.4172,-2.0862,-207.22,9725.47,SL,1,RoundN,58.0,1.0,2025-04
2025-04-10 11:00,2025-04-10 11:45,SHORT,81503.51,81829.25,False,0.0,-0.4547,-2.2733,-221.09,9504.38,SL,3,RoundN,48.5,1.0,2025-04
2025-04-15 06:15,2025-04-15 07:00,LONG,85524.75,85519.2,False,0.0,-0.0615,-0.3074,-29.22,9475.16,TIME,3,RoundN,58.8,1.0,2025-04
2025-04-15 08:30,2025-04-15 09:15,LONG,85876.06,85855.59,False,0.0,-0.0788,-0.3942,-37.35,9437.81,TIME,3,SwingH,58.7,1.0,2025-04
2025-04-16 07:00,2025-04-16 07:45,SHORT,83562.68,83349.86,False,0.0,0.1997,0.9984,94.23,9532.04,TIME,3,VWAP,44.8,1.0,2025-04
2025-04-16 08:00,2025-04-16 08:15,SHORT,83161.28,83379.11,False,0.0,-0.3169,-1.5847,-151.05,9380.99,SL,1,SwingL,41.3,1.0,2025-04
2025-04-18 16:30,2025-04-18 17:15,SHORT,84472.76,84423.62,False,0.0,0.0032,0.0159,1.49,9382.48,TIME,3,SwingH,45.4,1.0,2025-04
2025-04-19 07:00,2025-04-19 07:30,LONG,84977.59,85135.86,True,0.0568,0.1313,0.4325,40.65,9423.12,TP2,2,SwingL,58.4,1.0,2025-04
2025-04-21 09:45,2025-04-21 10:15,LONG,87512.36,87401.96,False,0.0,-0.1812,-0.9058,-85.35,9337.77,SL,2,RoundN,50.2,1.0,2025-04
2025-04-22 07:45,2025-04-22 08:30,LONG,88485.65,88380.27,False,0.0,-0.1741,-0.8705,-81.28,9256.49,SL,3,RoundN,56.0,1.0,2025-04
2025-04-22 09:15,2025-04-22 10:00,LONG,88541.58,88600.01,False,0.0,0.011,0.055,5.09,9261.58,TIME,3,RoundN,55.0,1.0,2025-04
2025-04-26 08:30,2025-04-26 09:15,SHORT,94430.79,94293.55,False,0.0,0.0903,0.4517,41.83,9303.41,TIME,3,RoundN,44.1,1.0,2025-04
2025-04-29 06:30,2025-04-29 06:45,SHORT,94600.0,94806.97,False,0.0,-0.2738,-1.3689,-127.36,9176.05,SL,1,RoundN,53.0,1.0,2025-04
2025-04-30 06:00,2025-04-30 06:30,LONG,94940.77,94870.67,False,0.0,-0.1288,-0.6442,-59.11,9116.94,SL,2,RoundN,59.8,1.0,2025-04
2025-04-30 10:30,2025-04-30 11:15,LONG,95002.21,95129.8,False,0.0,0.0793,0.3965,36.15,9153.09,TIME,3,RoundN,57.0,1.0,2025-04
2025-05-01 06:45,2025-05-01 08:15,LONG,94916.17,95140.27,True,0.0867,0.1811,0.6215,57.04,9210.13,TP2,6,SwingL,54.5,1.0,2025-05
2025-05-04 13:00,2025-05-04 13:45,SHORT,95460.21,95383.38,False,0.0,0.0255,0.1274,11.74,9221.86,TIME,3,SwingH,45.0,1.0,2025-05
2025-05-07 16:15,2025-05-07 17:00,SHORT,96543.33,96852.96,False,0.0,-0.3757,-1.8786,-173.24,9048.62,TIME,3,RoundN,42.1,1.0,2025-05
2025-05-12 09:30,2025-05-12 10:00,LONG,104539.08,104384.6,False,0.0,-0.2028,-1.0139,-91.74,8956.88,SL,2,RoundN,58.2,1.0,2025-05
2025-05-12 13:15,2025-05-12 13:45,SHORT,104166.72,104166.72,True,0.2578,-0.055,0.6575,59.35,9016.23,SL,2,VWAP,43.0,1.0,2025-05
2025-05-14 07:15,2025-05-14 07:30,SHORT,103504.11,103632.28,False,0.0,-0.1788,-0.8942,-80.62,8935.61,SL,1,RoundN,45.8,1.0,2025-05
2025-05-18 12:45,2025-05-18 13:45,LONG,103972.88,104169.58,True,0.0585,0.1342,0.4436,39.71,8975.32,TP2,4,RoundN,49.1,1.0,2025-05
2025-05-19 08:30,2025-05-19 09:15,SHORT,103005.26,103268.16,False,0.0,-0.3102,-1.5511,-139.22,8836.1,TIME,3,RoundN,50.0,1.0,2025-05
2025-05-19 09:45,2025-05-19 10:30,SHORT,103091.87,102972.64,False,0.0,0.0607,0.3033,26.8,8862.89,TIME,3,RoundN,58.7,1.0,2025-05
2025-05-19 10:45,2025-05-19 11:30,SHORT,102951.63,103070.34,False,0.0,-0.1703,-0.8515,-75.47,8787.42,TIME,3,RoundN,52.6,1.0,2025-05
2025-05-24 15:00,2025-05-24 15:45,LONG,109202.6,108965.47,False,0.0,-0.2721,-1.3607,-119.57,8667.85,TIME,3,SwingH,50.1,1.0,2025-05
2025-05-24 16:45,2025-05-24 17:30,LONG,109044.7,109000.02,False,0.0,-0.096,-0.4799,-41.59,8626.26,TIME,3,RoundN,53.8,1.0,2025-05
2025-05-27 16:30,2025-05-27 17:15,LONG,110504.88,110175.75,False,0.0,-0.3528,-1.7642,-152.19,8474.07,TIME,3,RoundN,51.1,1.0,2025-05
2025-05-28 10:00,2025-05-28 10:45,SHORT,108609.56,108866.22,False,0.0,-0.2913,-1.4566,-123.43,8350.64,SL,3,RoundN,44.8,1.0,2025-05
2025-06-02 14:30,2025-06-02 15:15,SHORT,104434.81,104375.4,False,0.0,0.0019,0.0094,0.79,8351.43,TIME,3,RoundN,50.6,1.0,2025-06
2025-06-06 17:45,2025-06-06 18:00,LONG,105019.22,104737.03,False,0.0,-0.3237,-1.6185,-135.17,8216.26,SESS,1,RoundN,57.0,1.0,2025-06
2025-06-13 06:15,2025-06-13 06:45,SHORT,103923.76,104153.67,False,0.0,-0.2762,-1.3811,-113.48,8102.78,SL,2,VWAP,54.7,1.0,2025-06
2025-06-14 10:45,2025-06-14 11:30,SHORT,105054.4,105027.27,False,0.0,-0.0292,-0.1459,-11.82,8090.96,TIME,3,SwingH,50.7,1.0,2025-06
2025-06-14 11:30,2025-06-14 12:15,SHORT,105027.27,104954.73,False,0.0,0.0141,0.0703,5.69,8096.65,TIME,3,SwingH,55.4,1.0,2025-06
2025-06-20 11:30,2025-06-20 12:15,LONG,105999.99,105961.99,False,0.0,-0.0908,-0.4542,-36.78,8059.87,TIME,3,SwingL,41.4,1.0,2025-06
2025-06-22 12:30,2025-06-22 13:00,LONG,102686.88,102604.55,False,0.0,-0.1352,-0.6759,-54.47,8005.4,SL,2,VWAP,52.2,1.0,2025-06
2025-06-22 17:45,2025-06-22 18:00,SHORT,99521.3,99464.19,False,0.0,0.0024,0.0119,0.95,8006.35,SESS,1,RoundN,49.5,1.0,2025-06
2025-06-27 10:15,2025-06-27 11:00,SHORT,107048.14,107050.8,False,0.0,-0.0575,-0.2874,-23.01,7983.34,TIME,3,SwingH,42.4,1.0,2025-06
2025-06-29 14:00,2025-06-29 14:30,LONG,108235.35,108095.26,False,0.0,-0.1844,-0.9222,-73.62,7909.72,SL,2,SwingH,56.6,1.0,2025-06
2025-06-30 17:30,2025-06-30 17:45,LONG,107800.01,107643.0,False,0.0,-0.2006,-1.0032,-79.35,7830.37,SL,1,SwingH,55.4,1.0,2025-06
2025-07-01 12:00,2025-07-01 12:45,SHORT,106609.89,106462.43,False,0.0,0.0833,0.4166,32.62,7862.99,TIME,3,SwingH,41.8,1.0,2025-07
2025-07-01 15:30,2025-07-01 16:00,SHORT,105987.67,106245.88,False,0.0,-0.2986,-1.4931,-117.4,7745.58,SL,2,RoundN,40.1,1.0,2025-07
2025-07-15 11:15,2025-07-15 11:45,SHORT,116454.68,116768.42,False,0.0,-0.3244,-1.622,-125.64,7619.95,SL,2,RoundN,42.3,1.0,2025-07
2025-07-15 12:00,2025-07-15 12:45,SHORT,117070.39,117070.39,True,0.2383,-0.055,0.5997,46.03,7665.97,SL,3,RoundN,55.2,1.0,2025-07
2025-07-15 17:30,2025-07-15 18:00,LONG,117453.29,117128.66,False,0.0,-0.3314,-1.657,-127.02,7538.95,SL,2,VWAP,40.9,1.0,2025-07
2025-07-16 12:30,2025-07-16 13:15,LONG,118991.08,118858.43,False,0.0,-0.1665,-0.8324,-62.75,7476.2,TIME,3,RoundN,48.9,1.0,2025-07
2025-07-19 10:45,2025-07-19 11:00,LONG,118516.84,118414.8,False,0.0,-0.1411,-0.7055,-52.74,7423.45,SL,1,RoundN,59.1,1.0,2025-07
2025-07-19 15:45,2025-07-19 16:30,SHORT,118114.79,118139.57,False,0.0,-0.076,-0.3799,-28.2,7395.25,TIME,3,VWAP,44.6,1.0,2025-07
2025-07-21 16:00,2025-07-21 16:45,SHORT,118041.63,117794.38,False,0.0,0.1545,0.7723,57.11,7452.37,TIME,3,RoundN,46.5,1.0,2025-07
2025-07-26 15:45,2025-07-26 16:30,LONG,118172.6,118114.95,False,0.0,-0.1038,-0.5189,-38.67,7413.69,TIME,3,SwingH,56.9,1.0,2025-07
2025-07-27 06:00,2025-07-27 06:45,LONG,118333.93,118326.91,False,0.0,-0.0609,-0.3047,-22.59,7391.11,TIME,3,VWAP,56.4,1.0,2025-07
2025-07-28 07:45,2025-07-28 08:15,SHORT,118894.66,118966.04,False,0.0,-0.115,-0.5752,-42.51,7348.59,SL,2,RoundN,41.3,1.0,2025-07
2025-07-28 11:15,2025-07-28 11:45,SHORT,118548.34,118754.11,False,0.0,-0.2286,-1.1429,-83.99,7264.61,SL,2,RoundN,41.0,1.0,2025-07
2025-07-29 09:30,2025-07-29 10:00,LONG,118916.06,118780.36,False,0.0,-0.1691,-0.8456,-61.43,7203.18,SL,2,RoundN,51.3,1.0,2025-07
2025-08-01 10:45,2025-08-01 11:15,SHORT,114715.17,114996.96,False,0.0,-0.3006,-1.5032,-108.28,7094.9,SL,2,SwingL,48.1,1.0,2025-08
2025-08-06 09:00,2025-08-06 09:45,LONG,114173.95,114081.29,False,0.0,-0.1362,-0.6808,-48.3,7046.6,TIME,3,SwingH,47.8,1.0,2025-08
2025-08-07 15:15,2025-08-07 16:00,LONG,116574.59,116695.97,False,0.0,0.0491,0.2456,17.31,7063.91,TIME,3,RoundN,51.0,1.0,2025-08
2025-08-08 10:15,2025-08-08 11:00,SHORT,116521.2,116656.21,False,0.0,-0.1709,-0.8543,-60.35,7003.56,SL,3,RoundN,41.3,1.0,2025-08
2025-08-10 15:30,2025-08-10 16:15,LONG,118725.24,118712.56,False,0.0,-0.0657,-0.3284,-23.0,6980.56,TIME,3,SwingL,57.6,1.0,2025-08
2025-08-11 06:15,2025-08-11 07:00,LONG,122087.48,121971.34,False,0.0,-0.1501,-0.7506,-52.4,6928.16,TIME,3,RoundN,55.1,1.0,2025-08
2025-08-11 08:00,2025-08-11 08:45,LONG,121626.17,121662.14,False,0.0,-0.0254,-0.1271,-8.81,6919.35,TIME,3,RoundN,48.9,1.0,2025-08
2025-08-11 16:45,2025-08-11 17:30,SHORT,119940.01,119755.73,False,0.0,0.0986,0.4932,34.13,6953.48,TIME,3,RoundN,56.6,1.0,2025-08
2025-08-13 17:15,2025-08-13 18:00,LONG,121831.45,121942.75,False,0.0,0.0364,0.1818,12.64,6966.12,TIME,3,SwingH,50.5,1.0,2025-08
2025-08-15 07:45,2025-08-15 08:30,LONG,119053.14,119236.11,False,0.0,0.0987,0.4934,34.37,7000.49,TIME,3,RoundN,43.7,1.0,2025-08
2025-08-18 10:15,2025-08-18 11:00,SHORT,115051.21,115176.03,False,0.0,-0.1635,-0.8175,-57.23,6943.27,TIME,3,RoundN,42.7,1.0,2025-08
2025-08-18 16:30,2025-08-18 18:00,LONG,116121.85,116432.61,True,0.2304,0.2126,1.1117,77.72,7020.99,SESS,6,RoundN,58.3,1.0,2025-08
2025-08-19 07:00,2025-08-19 07:45,SHORT,114926.25,115020.64,False,0.0,-0.1371,-0.6857,-48.14,6972.85,TIME,3,RoundN,47.3,1.0,2025-08
2025-08-19 12:45,2025-08-19 13:30,LONG,115630.12,115305.51,False,0.0,-0.3357,-1.6787,-117.05,6855.8,SL,3,RoundN,57.6,1.0,2025-08
2025-08-20 08:15,2025-08-20 09:00,LONG,113850.83,113861.79,False,0.0,-0.0454,-0.2269,-15.55,6840.25,TIME,3,SwingH,58.2,1.0,2025-08
2025-08-20 14:45,2025-08-20 15:00,SHORT,113456.47,113859.65,False,0.0,-0.4104,-2.0518,-140.35,6699.9,SL,1,VWAP,50.4,1.0,2025-08
2025-08-21 08:45,2025-08-21 09:30,SHORT,113566.94,113588.36,False,0.0,-0.0739,-0.3693,-24.74,6675.15,TIME,3,RoundN,44.9,1.0,2025-08
2025-08-22 06:00,2025-08-22 06:30,LONG,113270.46,113002.26,False,0.0,-0.2918,-1.4589,-97.38,6577.77,SL,2,SwingH,50.2,1.0,2025-08
2025-08-22 07:15,2025-08-22 08:00,LONG,113124.33,113224.6,False,0.0,0.0336,0.1682,11.06,6588.83,TIME,3,RoundN,56.6,1.0,2025-08
2025-08-23 06:00,2025-08-23 06:45,SHORT,115776.63,115720.0,False,0.0,-0.0061,-0.0304,-2.01,6586.83,TIME,3,SwingL,48.8,1.0,2025-08
2025-08-24 11:00,2025-08-24 11:45,SHORT,114738.57,114697.43,False,0.0,-0.0191,-0.0957,-6.31,6580.52,TIME,3,SwingL,41.9,1.0,2025-08
2025-08-27 07:00,2025-08-27 08:15,SHORT,110997.35,110678.23,True,0.1175,0.2325,0.8163,53.91,6634.43,TP2,5,RoundN,41.0,1.0,2025-08
2025-08-28 10:00,2025-08-28 10:45,LONG,113027.18,113133.77,False,0.0,0.0393,0.1965,13.04,6647.47,TIME,3,RoundN,49.1,1.0,2025-08
2025-08-29 11:30,2025-08-29 11:45,SHORT,109910.18,110066.84,False,0.0,-0.1975,-0.9877,-65.66,6581.81,SL,1,RoundN,44.7,1.0,2025-08
2025-08-30 08:00,2025-08-30 08:45,LONG,108640.02,108562.1,False,0.0,-0.1267,-0.6336,-41.7,6540.11,TIME,3,SwingH,56.7,1.0,2025-08
2025-09-04 17:30,2025-09-04 18:00,SHORT,109617.74,109839.03,False,0.0,-0.2569,-1.2844,-84.0,6456.11,SL,2,RoundN,45.3,1.0,2025-09
2025-09-05 10:30,2025-09-05 10:45,LONG,112393.01,112268.12,False,0.0,-0.1661,-0.8306,-53.62,6402.48,SL,1,RoundN,51.3,1.0,2025-09
2025-09-07 11:45,2025-09-07 12:00,LONG,111303.16,111224.79,False,0.0,-0.1254,-0.6271,-40.15,6362.34,SL,1,SwingH,52.6,1.0,2025-09
2025-09-15 07:45,2025-09-15 08:00,LONG,115856.02,115719.89,False,0.0,-0.1725,-0.8625,-54.87,6307.46,SL,1,VWAP,45.7,1.0,2025-09
2025-09-16 15:00,2025-09-16 15:30,SHORT,115064.06,115302.94,False,0.0,-0.2626,-1.313,-82.82,6224.64,SL,2,RoundN,41.3,1.0,2025-09
2025-09-18 15:45,2025-09-18 16:30,LONG,117632.01,117814.1,False,0.0,0.0998,0.499,31.06,6255.7,TIME,3,RoundN,58.3,1.0,2025-09
2025-09-23 10:00,2025-09-23 10:45,LONG,113004.93,113024.36,False,0.0,-0.0378,-0.189,-11.83,6243.88,TIME,3,RoundN,51.3,1.0,2025-09
2025-09-25 11:00,2025-09-25 11:45,SHORT,111571.87,111379.31,False,0.0,0.1176,0.5879,36.71,6280.59,TIME,3,RoundN,43.1,1.0,2025-09
2025-09-26 14:45,2025-09-26 15:15,SHORT,108894.35,109179.0,False,0.0,-0.3164,-1.582,-99.36,6181.23,SL,2,RoundN,51.6,1.0,2025-09
2025-09-26 17:00,2025-09-26 18:00,LONG,109625.45,110049.34,True,0.2243,0.3317,1.3317,82.87,6264.1,SESS,4,RoundN,49.1,1.0,2025-09
2025-09-29 17:45,2025-09-29 18:00,LONG,114121.47,114097.42,False,0.0,-0.0761,-0.3804,-23.83,6240.27,SESS,1,RoundN,58.3,1.0,2025-09
2025-09-30 16:15,2025-09-30 17:00,SHORT,113074.05,113156.6,False,0.0,-0.128,-0.64,-39.94,6200.33,TIME,3,RoundN,50.8,1.0,2025-09
2025-10-01 06:00,2025-10-01 06:15,LONG,114596.47,114503.42,False,0.0,-0.1362,-0.681,-42.22,6158.11,SL,1,RoundN,58.0,1.0,2025-10
2025-10-02 17:00,2025-10-02 17:15,LONG,119893.52,119631.35,False,0.0,-0.2737,-1.3683,-84.26,6073.85,SL,1,RoundN,54.1,1.0,2025-10
2025-10-06 07:00,2025-10-06 07:30,LONG,124030.05,123837.84,False,0.0,-0.21,-1.0499,-63.77,6010.08,SL,2,RoundN,52.7,1.0,2025-10
2025-10-08 12:00,2025-10-08 12:30,LONG,123016.74,122753.76,False,0.0,-0.2688,-1.3439,-80.77,5929.31,SL,2,RoundN,54.0,1.0,2025-10
2025-10-08 16:45,2025-10-08 17:45,LONG,123097.9,124007.62,True,0.3884,0.684,2.5199,151.15,6080.46,TP2,4,RoundN,58.2,1.0,2025-10
2025-10-09 06:45,2025-10-09 07:30,SHORT,121978.38,121771.19,False,0.0,0.1149,0.5743,34.92,6115.38,TIME,3,RoundN,49.2,1.0,2025-10
2025-10-12 12:00,2025-10-12 12:30,LONG,112166.55,111870.69,False,0.0,-0.3188,-1.5938,-97.47,6017.91,SL,2,SwingH,59.6,1.0,2025-10
2025-10-13 16:30,2025-10-13 16:45,SHORT,114481.31,114682.64,False,0.0,-0.2309,-1.1543,-69.47,5948.45,SL,1,RoundN,50.2,1.0,2025-10
2025-10-20 09:30,2025-10-20 10:15,LONG,110882.1,111058.02,False,0.0,0.1037,0.5183,30.83,5979.28,TIME,3,SwingL,40.4,1.0,2025-10
2025-10-21 07:30,2025-10-21 08:30,SHORT,108058.03,107731.98,True,0.126,0.2467,0.8702,52.23,6031.5,TP2,4,SwingH,43.6,1.0,2025-10
2025-10-24 08:00,2025-10-24 08:15,LONG,111122.21,110857.91,False,0.0,-0.2928,-1.4642,-88.32,5943.19,SL,1,RoundN,48.5,1.0,2025-10
2025-10-24 09:00,2025-10-24 09:45,LONG,111376.85,111367.17,False,0.0,-0.0637,-0.3185,-18.93,5924.26,TIME,3,RoundN,54.2,1.0,2025-10
2025-10-25 10:30,2025-10-25 11:15,LONG,111696.58,111656.09,False,0.0,-0.0912,-0.4562,-27.03,5897.23,TIME,3,SwingH,57.6,1.0,2025-10
2025-10-26 15:45,2025-10-26 16:00,LONG,113701.92,113474.09,False,0.0,-0.2554,-1.2769,-75.3,5821.93,SL,1,SwingH,51.4,1.0,2025-10
2025-10-26 16:30,2025-10-26 17:15,LONG,113639.97,113639.78,False,0.0,-0.0552,-0.2758,-16.06,5805.87,TIME,3,SwingH,55.9,1.0,2025-10
2025-10-28 17:30,2025-10-28 18:00,LONG,115528.17,115318.44,False,0.0,-0.2365,-1.1827,-68.67,5737.21,SESS,2,RoundN,46.4,1.0,2025-10
2025-10-30 09:15,2025-10-30 10:00,LONG,110420.41,110123.19,False,0.0,-0.3242,-1.6209,-92.99,5644.22,SL,3,VWAP,52.6,1.0,2025-10
2025-10-31 10:30,2025-10-31 11:00,LONG,110040.72,109670.36,False,0.0,-0.3916,-1.9578,-110.5,5533.71,SL,2,RoundN,57.2,1.0,2025-10
2025-10-31 13:00,2025-10-31 13:30,LONG,109982.34,109601.16,False,0.0,-0.4016,-2.0079,-111.11,5422.6,SL,2,RoundN,50.8,1.0,2025-10
2025-10-31 15:30,2025-10-31 15:45,LONG,110408.28,110139.58,False,0.0,-0.2984,-1.4918,-80.9,5341.7,SL,1,RoundN,54.1,1.0,2025-10
2025-10-31 16:15,2025-10-31 16:30,LONG,110041.98,109729.6,False,0.0,-0.3389,-1.6944,-90.51,5251.19,SL,1,RoundN,56.4,1.0,2025-10
2025-11-05 09:45,2025-11-05 10:30,LONG,101978.01,101720.4,False,0.0,-0.3076,-1.5381,-80.77,5170.43,SL,3,RoundN,51.9,1.0,2025-11
2025-11-06 12:00,2025-11-06 13:15,SHORT,102980.46,102980.46,True,0.4036,-0.055,1.0862,56.84,5227.27,SL,5,RoundN,44.2,1.0,2025-11
2025-11-08 15:15,2025-11-08 16:00,SHORT,101557.99,101896.01,False,0.0,-0.3878,-1.9392,-101.37,5125.91,TIME,3,RoundN,43.6,1.0,2025-11
2025-11-08 17:00,2025-11-08 17:30,SHORT,101621.52,101844.22,False,0.0,-0.2741,-1.3707,-70.26,5055.64,SL,2,RoundN,41.7,1.0,2025-11
2025-11-11 09:30,2025-11-11 10:15,SHORT,105052.53,105109.36,False,0.0,-0.1091,-0.5455,-27.58,5028.07,TIME,3,RoundN,50.7,1.0,2025-11
2025-11-12 07:00,2025-11-12 07:45,LONG,103490.04,103324.5,False,0.0,-0.215,-1.0748,-54.04,4974.02,SL,3,RoundN,56.8,1.0,2025-11
2025-11-12 13:30,2025-11-12 14:15,LONG,105060.72,104828.05,False,0.0,-0.2765,-1.3823,-68.76,4905.27,SL,3,RoundN,57.9,1.0,2025-11
2025-11-14 09:15,2025-11-14 10:00,SHORT,97019.97,96909.71,False,0.0,0.0586,0.2932,14.38,4919.65,TIME,3,RoundN,43.6,1.0,2025-11
2025-11-15 07:00,2025-11-15 07:45,LONG,96087.63,96267.55,False,0.0,0.1322,0.6612,32.53,4952.18,TIME,3,RoundN,45.2,1.0,2025-11
2025-11-16 09:15,2025-11-16 11:00,LONG,96035.98,96035.98,True,0.2251,-0.055,0.5609,27.96,4980.15,SL,7,RoundN,59.9,1.0,2025-11
2025-11-22 12:15,2025-11-22 13:00,SHORT,83617.46,83853.78,False,0.0,-0.3376,-1.6881,-84.07,4896.08,SL,3,SwingL,43.5,1.0,2025-11
2025-11-23 07:00,2025-11-23 07:15,LONG,85816.01,85555.9,False,0.0,-0.3581,-1.7905,-87.66,4808.41,SL,1,VWAP,44.3,1.0,2025-11
2025-11-26 06:30,2025-11-26 07:15,LONG,87634.72,87770.52,False,0.0,0.1,0.4998,24.03,4832.44,TIME,3,VWAP,49.3,1.0,2025-11
2025-11-27 07:15,2025-11-27 08:00,LONG,91429.41,91234.06,False,0.0,-0.2687,-1.3433,-64.91,4767.53,TIME,3,RoundN,58.9,1.0,2025-11
2025-11-28 17:00,2025-11-28 18:00,SHORT,90936.56,90904.73,True,0.4005,-0.02,1.1472,55.35,4822.88,SESS,4,RoundN,41.6,1.0,2025-11
2025-11-30 16:00,2025-11-30 16:45,LONG,91522.57,91784.7,True,0.1168,0.2314,0.8121,39.3,4862.19,TP2,3,RoundN,51.5,1.0,2025-11
2025-11-30 16:45,2025-11-30 17:00,LONG,91844.11,91706.0,False,0.0,-0.2054,-1.0269,-49.93,4812.26,SL,1,SwingH,49.3,1.0,2025-11
2025-12-02 07:30,2025-12-02 08:00,LONG,87013.87,86917.6,False,0.0,-0.1656,-0.8282,-39.85,4772.4,SL,2,RoundN,46.1,1.0,2025-12
2025-12-07 06:45,2025-12-07 07:00,LONG,89718.08,89582.73,False,0.0,-0.2059,-1.0293,-49.12,4723.28,SL,1,SwingH,59.0,1.0,2025-12
2025-12-07 16:30,2025-12-07 17:15,LONG,89488.36,90064.26,True,0.3311,0.5885,2.1607,103.07,4826.35,TP2,3,RoundN,51.8,1.0,2025-12
2025-12-09 07:00,2025-12-09 07:15,SHORT,90116.4,90326.94,False,0.0,-0.2886,-1.4432,-69.65,4756.7,SL,1,VWAP,42.7,1.0,2025-12
2025-12-09 12:15,2025-12-09 13:00,LONG,90567.8,90504.8,False,0.0,-0.1246,-0.6228,-29.62,4727.07,TIME,3,RoundN,53.0,1.0,2025-12
2025-12-12 06:00,2025-12-12 06:45,LONG,92716.62,92528.01,False,0.0,-0.2584,-1.2921,-61.08,4665.99,TIME,3,SwingH,57.2,1.0,2025-12
2025-12-12 12:30,2025-12-12 12:45,SHORT,92111.39,92255.32,False,0.0,-0.2113,-1.0563,-49.29,4616.71,SL,1,SwingL,41.1,1.0,2025-12
2025-12-16 14:30,2025-12-16 15:15,LONG,87089.99,87152.02,False,0.0,0.0162,0.0811,3.75,4620.45,TIME,3,RoundN,52.6,1.0,2025-12
2025-12-17 08:15,2025-12-17 09:00,SHORT,86485.86,86448.56,False,0.0,-0.0119,-0.0594,-2.74,4617.71,TIME,3,RoundN,43.8,1.0,2025-12
2025-12-17 09:15,2025-12-17 10:00,SHORT,86297.99,86573.7,False,0.0,-0.3745,-1.8724,-86.46,4531.25,SL,3,SwingL,41.3,1.0,2025-12
2025-12-19 13:30,2025-12-19 14:15,LONG,88066.21,87978.23,False,0.0,-0.1549,-0.7745,-35.09,4496.15,TIME,3,RoundN,47.1,1.0,2025-12
2025-12-19 16:30,2025-12-19 16:45,LONG,88453.04,88310.99,False,0.0,-0.2156,-1.078,-48.47,4447.69,SL,1,RoundN,57.6,1.0,2025-12
2025-12-22 16:45,2025-12-22 17:30,SHORT,89507.32,89262.69,False,0.0,0.2183,1.0915,48.55,4496.23,TIME,3,RoundN,40.3,1.0,2025-12
2025-12-24 09:45,2025-12-24 10:00,SHORT,86734.96,86834.59,False,0.0,-0.1699,-0.8493,-38.19,4458.04,SL,1,SwingL,41.4,1.0,2025-12
2025-12-29 16:15,2025-12-29 17:00,SHORT,87446.0,87513.67,False,0.0,-0.1324,-0.6619,-29.51,4428.54,TIME,3,RoundN,53.6,1.0,2025-12
2025-12-29 17:00,2025-12-29 17:45,SHORT,87513.67,87662.88,False,0.0,-0.2255,-1.1275,-49.93,4378.6,SL,3,RoundN,57.0,1.0,2025-12
2025-12-30 11:45,2025-12-30 12:30,LONG,87791.99,87881.89,False,0.0,0.0474,0.237,10.38,4388.98,TIME,3,SwingL,53.3,1.0,2025-12
2026-01-02 13:15,2026-01-02 13:30,LONG,89479.99,89386.26,False,0.0,-0.1597,-0.7987,-35.06,4353.93,SL,1,RoundN,53.5,1.0,2026-01
2026-01-07 12:45,2026-01-07 13:15,SHORT,91915.99,91985.57,False,0.0,-0.1307,-0.6535,-28.45,4325.47,SL,2,RoundN,51.9,1.0,2026-01
2026-01-07 16:15,2026-01-07 17:15,SHORT,91512.0,91512.0,True,0.2794,-0.055,0.7211,31.45,4356.93,SL,4,RoundN,42.4,1.0,2026-01
2026-01-09 06:15,2026-01-09 07:00,SHORT,90866.29,90938.74,False,0.0,-0.1347,-0.6737,-29.35,4327.58,TIME,3,SwingL,46.2,1.0,2026-01
2026-01-09 11:15,2026-01-09 12:00,SHORT,90460.02,90323.53,False,0.0,0.0959,0.4794,20.75,4348.32,TIME,3,SwingH,44.0,1.0,2026-01
2026-01-12 12:30,2026-01-12 14:15,SHORT,90613.74,90413.09,True,0.0779,0.1664,0.5659,24.66,4372.99,TP2,7,SwingH,46.3,1.0,2026-01
2026-01-15 06:30,2026-01-15 07:15,SHORT,96183.1,96454.09,False,0.0,-0.3367,-1.6837,-73.63,4299.36,TIME,3,SwingL,47.5,1.0,2026-01
2026-01-16 09:15,2026-01-16 10:00,LONG,95682.59,95554.99,False,0.0,-0.1884,-0.9418,-40.49,4258.87,SL,3,SwingH,52.5,1.0,2026-01
2026-01-19 07:15,2026-01-19 07:30,SHORT,92575.61,92621.5,False,0.0,-0.1046,-0.5229,-22.27,4236.6,SL,1,VWAP,41.7,1.0,2026-01
2026-01-22 06:30,2026-01-22 07:15,LONG,90064.0,89908.55,False,0.0,-0.2276,-1.138,-48.21,4188.39,SL,3,RoundN,53.2,1.0,2026-01
2026-01-29 11:30,2026-01-29 12:00,SHORT,87641.39,87757.99,False,0.0,-0.188,-0.9402,-39.38,4149.01,SL,2,SwingL,44.0,1.0,2026-01
2026-01-30 09:00,2026-01-30 09:45,SHORT,82491.79,82217.99,False,0.0,0.2769,1.3846,57.45,4206.45,TIME,3,RoundN,41.6,1.0,2026-01
2026-02-14 14:15,2026-02-14 14:30,SHORT,69443.83,69621.57,False,0.0,-0.3109,-1.5547,-65.4,4141.05,SL,1,RoundN,46.1,1.0,2026-02
2026-02-15 10:30,2026-02-15 11:15,LONG,70421.4,70352.04,False,0.0,-0.1535,-0.7675,-31.78,4109.27,TIME,3,RoundN,51.0,1.0,2026-02
2026-02-15 16:45,2026-02-15 17:45,SHORT,68984.42,68807.47,True,0.0989,0.2015,0.6988,28.8,4138.08,TP2,4,SwingH,48.4,1.0,2026-02
2026-02-17 08:00,2026-02-17 08:45,SHORT,68355.99,68133.47,True,0.1403,0.2705,0.9603,39.9,4177.98,TP2,3,SwingH,48.5,1.0,2026-02
2026-02-17 09:00,2026-02-17 09:45,SHORT,68068.94,68085.67,False,0.0,-0.0796,-0.3979,-16.62,4161.36,TIME,3,RoundN,47.6,1.0,2026-02
2026-02-18 17:30,2026-02-18 18:00,SHORT,67064.84,67090.88,False,0.0,-0.0938,-0.4691,-19.52,4141.83,SESS,2,RoundN,46.6,1.0,2026-02
2026-02-19 08:30,2026-02-19 09:15,LONG,66898.0,67095.08,False,0.0,0.2396,1.198,49.62,4191.45,TIME,3,VWAP,57.8,1.0,2026-02
2026-02-20 17:15,2026-02-20 17:45,SHORT,67010.3,67241.73,False,0.0,-0.4004,-2.0018,-83.91,4107.55,SL,2,RoundN,53.2,1.0,2026-02
2026-02-22 17:15,2026-02-22 18:00,SHORT,67471.7,67381.22,True,0.1369,0.0791,0.5672,23.39,4130.94,SESS,3,RoundN,42.5,1.0,2026-02
2026-02-23 06:15,2026-02-23 06:30,SHORT,65303.94,65448.01,False,0.0,-0.2756,-1.3781,-56.93,4074.01,SL,1,VWAP,64.6,1.0,2026-02
2026-02-25 12:00,2026-02-25 12:45,LONG,65493.46,65932.83,True,0.3475,0.6159,2.2635,93.18,4167.19,TP2,3,RoundN,53.3,1.0,2026-02
2026-02-26 06:00,2026-02-26 06:15,LONG,68468.09,68294.35,False,0.0,-0.3088,-1.5438,-64.33,4102.86,SL,1,RoundN,59.2,1.0,2026-02
2026-02-26 12:30,2026-02-26 13:15,SHORT,68079.71,68152.0,False,0.0,-0.1612,-0.8059,-33.07,4069.79,TIME,3,RoundN,42.4,1.0,2026-02
2026-03-02 11:15,2026-03-02 11:30,SHORT,66079.57,66242.89,False,0.0,-0.3022,-1.5108,-61.49,4008.31,SL,1,SwingL,51.8,1.0,2026-03
2026-03-04 13:30,2026-03-04 14:30,LONG,71444.01,71444.01,True,0.3445,-0.055,0.9128,36.97,4045.27,SL,4,RoundN,44.9,1.0,2026-03
2026-03-07 09:15,2026-03-07 10:00,SHORT,67959.99,68072.29,False,0.0,-0.2202,-1.1012,-44.55,4000.73,SL,3,RoundN,47.7,1.0,2026-03
2026-03-08 06:00,2026-03-08 06:45,SHORT,67096.57,67162.04,False,0.0,-0.1526,-0.7629,-30.52,3970.21,TIME,3,VWAP,40.9,1.0,2026-03
2026-03-11 07:30,2026-03-11 08:15,SHORT,69543.79,69507.27,False,0.0,-0.0025,-0.0124,-0.49,3969.71,TIME,3,RoundN,47.0,1.0,2026-03
2026-03-11 09:15,2026-03-11 10:00,SHORT,69538.41,69510.04,False,0.0,-0.0142,-0.071,-2.82,3966.89,TIME,3,RoundN,51.1,1.0,2026-03
2026-03-11 11:15,2026-03-11 13:00,SHORT,69468.21,69468.21,True,0.3634,-0.055,0.9686,38.84,4005.73,SL,7,RoundN,40.5,1.0,2026-03
2026-03-13 06:45,2026-03-13 07:30,LONG,71359.1,71585.92,False,0.0,0.2629,1.3143,52.65,4058.38,TIME,3,VWAP,59.1,1.0,2026-03
2026-03-15 07:45,2026-03-15 08:15,LONG,71464.07,71590.52,True,0.0512,0.1219,0.3971,16.14,4074.52,TP2,2,SwingL,46.1,1.0,2026-03
2026-03-15 16:15,2026-03-15 17:00,SHORT,71420.3,71499.07,False,0.0,-0.1653,-0.8265,-33.67,4040.85,TIME,3,RoundN,41.4,1.0,2026-03
2026-03-21 06:15,2026-03-21 07:00,LONG,70797.99,70723.95,False,0.0,-0.1596,-0.7979,-32.24,4008.61,TIME,3,SwingH,55.8,1.0,2026-03
2026-03-24 10:45,2026-03-24 11:00,LONG,71258.01,71135.01,False,0.0,-0.2276,-1.1381,-45.62,3962.99,SL,1,SwingH,59.1,1.0,2026-03
2026-03-24 11:30,2026-03-24 12:15,LONG,71228.15,71069.89,False,0.0,-0.2772,-1.3859,-54.92,3908.06,TIME,3,SwingH,53.5,1.0,2026-03
2026-03-24 12:15,2026-03-24 12:30,LONG,71069.89,70978.41,False,0.0,-0.1837,-0.9186,-35.9,3872.16,SL,1,RoundN,54.2,1.0,2026-03
2026-03-25 10:30,2026-03-25 11:30,LONG,71424.01,71737.03,True,0.208,0.3833,1.3865,54.02,3926.19,TP2,4,RoundN,59.5,1.0,2026-03
2026-03-27 17:45,2026-03-27 18:00,SHORT,65573.28,65567.87,False,0.0,-0.0467,-0.2337,-9.18,3917.01,SESS,1,RoundN,47.3,1.0,2026-03
2026-03-30 10:30,2026-03-30 11:15,LONG,67369.2,67556.0,True,0.1114,0.2223,0.7775,30.56,3947.57,TP2,3,SwingL,51.9,1.0,2026-03
2026-04-04 11:45,2026-04-04 12:30,LONG,67147.92,67092.49,False,0.0,-0.1375,-0.6877,-27.15,3920.42,SL,3,SwingH,59.4,1.0,2026-04
2026-04-04 17:00,2026-04-04 17:45,LONG,67363.01,67324.02,False,0.0,-0.1129,-0.5644,-22.13,3898.29,TIME,3,SwingL,57.0,1.0,2026-04
2026-04-06 06:00,2026-04-06 06:15,LONG,69290.31,69074.92,False,0.0,-0.3659,-1.8293,-71.31,3826.98,SL,1,SwingH,56.2,1.0,2026-04
2026-04-12 06:45,2026-04-12 07:30,SHORT,71689.0,71722.17,False,0.0,-0.1013,-0.5063,-19.38,3807.6,SL,3,SwingH,45.3,1.0,2026-04
2026-04-12 09:15,2026-04-12 10:00,SHORT,71627.53,71627.53,True,0.0143,-0.055,-0.067,-2.55,3805.05,SL,3,SwingL,41.2,1.0,2026-04
2026-04-12 17:00,2026-04-12 17:30,SHORT,70932.0,71037.67,False,0.0,-0.204,-1.0199,-38.81,3766.25,SL,2,RoundN,46.7,1.0,2026-04
2026-04-13 08:30,2026-04-13 09:15,SHORT,70614.92,70782.84,False,0.0,-0.2928,-1.464,-55.14,3711.11,SL,3,SwingL,40.5,1.0,2026-04
2026-04-15 09:15,2026-04-15 10:00,SHORT,73980.02,74112.75,False,0.0,-0.2344,-1.1721,-43.5,3667.61,SL,3,RoundN,47.3,1.0,2026-04
2026-04-15 12:00,2026-04-15 12:45,LONG,74233.36,74302.48,False,0.0,0.0381,0.1906,6.99,3674.6,TIME,3,VWAP,53.7,1.0,2026-04
2026-04-16 14:45,2026-04-16 15:00,SHORT,73973.2,74207.0,False,0.0,-0.3711,-1.8553,-68.17,3606.43,SL,1,RoundN,41.1,1.0,2026-04
2026-04-17 11:15,2026-04-17 12:00,LONG,75494.03,75714.26,False,0.0,0.2367,1.1836,42.69,3649.11,TIME,3,RoundN,57.4,1.0,2026-04
2026-04-22 10:15,2026-04-22 11:00,LONG,78084.46,78177.92,False,0.0,0.0647,0.3235,11.8,3660.91,TIME,3,SwingL,52.4,1.0,2026-04
2026-04-26 11:00,2026-04-26 12:00,LONG,78070.59,78070.59,True,0.0333,-0.055,-0.0102,-0.37,3660.54,SL,4,SwingL,58.5,1.0,2026-04
2026-04-27 11:00,2026-04-27 11:45,SHORT,77784.82,77847.89,False,0.0,-0.1361,-0.6804,-24.91,3635.63,TIME,3,SwingL,55.0,1.0,2026-04
2026-04-29 09:00,2026-04-29 09:45,LONG,77049.93,77302.28,True,0.1415,0.2725,0.9678,35.33,3670.97,TP2,3,SwingL,38.4,1.0,2026-04
2026-04-30 06:00,2026-04-30 06:15,SHORT,75564.72,75652.54,False,0.0,-0.1712,-0.8561,-31.43,3639.54,SL,1,RoundN,49.4,1.0,2026-04
2026-04-30 15:45,2026-04-30 16:30,LONG,76436.38,76313.63,False,0.0,-0.2156,-1.078,-39.23,3600.31,TIME,3,RoundN,54.4,1.0,2026-04
2026-05-01 09:45,2026-05-01 10:00,LONG,77266.0,77185.6,False,0.0,-0.1591,-0.7953,-28.63,3571.68,SL,1,SwingL,57.4,1.0,2026-05
2026-05-03 06:00,2026-05-03 06:45,SHORT,78141.37,78239.87,False,0.0,-0.1811,-0.9053,-32.33,3539.34,SL,3,SwingL,52.6,1.0,2026-05
2026-05-05 07:00,2026-05-05 07:45,LONG,80993.49,80888.01,False,0.0,-0.1852,-0.9262,-32.78,3506.56,SL,3,RoundN,54.1,1.0,2026-05
2026-05-08 13:30,2026-05-08 14:00,SHORT,79574.7,79819.72,False,0.0,-0.3629,-1.8146,-63.63,3442.93,SL,2,RoundN,42.8,1.0,2026-05
2026-05-10 12:30,2026-05-10 13:15,LONG,80915.35,80963.87,False,0.0,0.005,0.0248,0.85,3443.79,TIME,3,RoundN,56.3,1.0,2026-05
2026-05-11 07:00,2026-05-11 07:45,SHORT,80736.02,80722.19,False,0.0,-0.0379,-0.1894,-6.52,3437.27,TIME,3,SwingL,51.4,1.0,2026-05
2026-05-11 14:00,2026-05-11 14:15,LONG,81109.25,81029.0,False,0.0,-0.1539,-0.7697,-26.46,3410.81,SL,1,VWAP,51.7,1.0,2026-05
2026-05-11 15:45,2026-05-11 16:30,LONG,81422.94,81562.61,False,0.0,0.1165,0.5827,19.87,3430.68,TIME,3,RoundN,53.3,1.0,2026-05
