time,dir,sess,level,entry,exit,t1hit,pnl,eq,xt,bars,month
2025-04-02 15:00,LONG,NY_prime,RoundNum,86203.93,86786.93,True,164.76,10164.76,TP2,2,2025-04
2025-04-23 16:30,LONG,NY_prime,VWAP,93562.55,93928.56,False,136.69,10301.46,TIME,5,2025-04
2025-04-29 15:45,LONG,NY_prime,VWAP,94859.76,95237.77,True,90.49,10391.95,TP2,3,2025-04
2025-04-29 16:30,LONG,NY_prime,PrevHigh,95487.98,95329.94,False,-91.66,10300.29,SL,1,2025-04
2025-05-01 16:15,LONG,NY_prime,RoundNum,97281.08,97072.21,False,-111.12,10189.17,SL,4,2025-05
2025-05-03 15:00,LONG,NY_prime,VWAP,96486.5,96424.93,False,-48.43,10140.74,SL,4,2025-05
2025-05-03 16:00,LONG,NY_prime,PrevLow,96322.14,96264.55,False,-46.56,10094.18,SL,2,2025-05
2025-05-06 15:30,LONG,NY_prime,VWAP,94593.01,94593.01,True,26.89,10121.07,SL,3,2025-05
2025-05-07 15:30,LONG,NY_prime,RoundNum,97111.01,96967.2,False,-82.22,10038.85,SL,1,2025-05
2025-05-07 15:45,LONG,NY_prime,PrevHigh,96946.41,96801.18,False,-82.24,9956.61,SL,2,2025-05
2025-05-11 15:15,LONG,NY_prime,VWAP,104379.95,104224.71,False,-81.14,9875.47,SL,2,2025-05
2025-05-13 15:00,LONG,NY_prime,RoundNum,103771.74,103771.74,True,37.93,9913.41,SL,7,2025-05
2025-05-15 15:45,LONG,NY_prime,RoundNum,103286.86,103886.53,True,137.03,10050.44,TP2,6,2025-05
2025-05-16 16:00,LONG,NY_prime,PrevHigh,104334.23,104147.89,False,-93.91,9956.53,SL,1,2025-05
2025-05-16 17:00,LONG,,PrevHigh,104166.12,103970.58,False,-96.67,9859.86,SL,3,2025-05
2025-05-19 17:00,LONG,,RoundNum,105093.6,105093.6,True,39.59,9899.45,SL,6,2025-05
2025-05-24 15:15,LONG,NY_prime,RoundNum,109005.04,108868.43,False,-71.4,9828.05,SL,3,2025-05
2025-05-26 15:30,LONG,NY_prime,RoundNum,110012.5,109876.99,False,-70.04,9758.01,SL,3,2025-05
2025-06-07 15:30,LONG,NY_prime,PrevHigh,105532.5,105532.5,True,6.12,9764.13,SL,4,2025-06
2025-06-08 15:30,LONG,NY_prime,PrevHigh,106063.71,106307.62,True,40.35,9804.48,TP2,7,2025-06
2025-06-15 16:45,LONG,NY_prime,VWAP,105605.84,105605.84,True,6.78,9811.26,SL,5,2025-06
2025-06-28 15:45,LONG,NY_prime,VWAP,107506.75,107468.37,False,-35.6,9775.67,SL,2,2025-06
2025-07-03 15:30,LONG,NY_prime,VWAP,109321.54,109316.08,False,-23.46,9752.21,TIME,5,2025-07
2025-07-05 17:00,LONG,,RoundNum,108047.14,108047.14,True,-7.87,9744.33,SL,5,2025-07
2025-07-09 16:45,LONG,NY_prime,PrevHigh,109430.91,109268.96,False,-79.12,9665.21,SL,2,2025-07
2025-07-10 15:00,LONG,NY_prime,RoundNum,111055.35,111442.96,True,71.7,9736.91,TP2,3,2025-07
2025-07-17 17:00,LONG,,RoundNum,118969.6,118760.74,False,-89.8,9647.11,SL,1,2025-07
2025-07-19 15:30,LONG,NY_prime,VWAP,118286.75,118176.91,False,-57.06,9590.05,SL,1,2025-07
2025-07-19 15:45,LONG,NY_prime,RoundNum,118114.79,118006.14,False,-56.39,9533.67,SL,1,2025-07
2025-07-20 16:30,LONG,NY_prime,PrevHigh,118780.92,118653.45,False,-61.9,9471.77,SL,1,2025-07
2025-07-24 16:00,LONG,NY_prime,RoundNum,118954.31,118754.46,False,-84.49,9387.28,SL,1,2025-07
2025-07-25 17:00,LONG,,VWAP,116300.0,116440.12,False,24.59,9411.87,TIME,5,2025-07
2025-07-26 16:00,LONG,NY_prime,RoundNum,118120.01,118100.89,False,-26.8,9385.07,TIME,5,2025-07
2025-07-27 15:45,LONG,NY_prime,PrevHigh,118620.01,118873.4,True,34.55,9419.62,TP2,2,2025-07
2025-07-31 16:30,LONG,NY_prime,VWAP,118604.07,118421.53,False,-78.71,9340.91,SL,2,2025-07
2025-08-01 16:45,LONG,NY_prime,RoundNum,114960.39,114651.31,False,-121.01,9219.9,SL,1,2025-08
2025-08-03 17:00,LONG,,PrevHigh,114135.89,114046.43,False,-49.19,9170.71,SL,1,2025-08
2025-08-06 17:00,LONG,,PrevHigh,115172.51,115681.58,True,91.59,9262.3,TP2,4,2025-08
2025-08-07 17:00,LONG,,RoundNum,116421.2,116243.62,False,-76.89,9185.41,SL,4,2025-08
2025-08-09 15:15,LONG,NY_prime,VWAP,116849.43,116758.25,False,-48.88,9136.53,SL,4,2025-08
2025-08-12 15:00,LONG,NY_prime,RoundNum,119446.96,119446.96,True,25.92,9162.45,SL,9,2025-08
2025-08-18 16:45,LONG,NY_prime,RoundNum,116029.51,116513.08,True,85.12,9247.57,TP2,2,2025-08
2025-08-25 15:00,LONG,NY_prime,RoundNum,111998.03,112588.87,True,114.25,9361.81,TP2,5,2025-08
2025-08-25 16:15,LONG,NY_prime,RoundNum,112628.24,112445.73,False,-81.28,9280.53,TIME,5,2025-08
2025-08-28 16:15,LONG,NY_prime,RoundNum,113019.14,112815.51,False,-87.3,9193.23,SL,2,2025-08
2025-08-31 16:00,LONG,NY_prime,VWAP,108781.46,108690.79,False,-50.88,9142.35,SL,1,2025-08
2025-09-02 15:15,LONG,NY_prime,RoundNum,111277.24,110962.65,False,-123.5,9018.86,SL,2,2025-09
2025-09-03 15:45,LONG,NY_prime,RoundNum,112239.48,112007.0,False,-94.56,8924.3,SL,2,2025-09
2025-09-07 16:00,LONG,NY_prime,PrevHigh,111248.2,111183.44,False,-40.41,8883.88,SL,4,2025-09
2025-09-12 15:45,LONG,NY_prime,VWAP,115173.79,115546.06,True,59.57,8943.45,TP2,5,2025-09
2025-09-16 16:00,LONG,NY_prime,RoundNum,115790.02,116181.54,True,63.65,9007.1,TP2,4,2025-09
2025-09-20 16:30,LONG,NY_prime,RoundNum,116099.86,116056.33,False,-33.33,8973.78,SL,2,2025-09
2025-09-24 16:30,LONG,NY_prime,RoundNum,113712.87,113712.87,True,16.15,8989.92,SL,6,2025-09
2025-09-26 16:30,LONG,NY_prime,VWAP,109377.44,109853.3,True,88.06,9077.98,TP2,3,2025-09
2025-09-28 15:30,LONG,NY_prime,RoundNum,109966.92,110158.28,True,23.51,9101.5,TP2,2,2025-09
2025-09-28 16:00,LONG,NY_prime,RoundNum,110215.6,110215.6,True,-0.5,9101.0,SL,8,2025-09
2025-10-03 15:30,LONG,NY_prime,RoundNum,121820.14,122295.3,True,77.82,9178.83,TP2,2,2025-10
2025-10-06 16:45,LONG,NY_prime,PrevHigh,125536.0,125314.12,False,-85.09,9093.74,SL,3,2025-10
2025-10-18 15:00,LONG,NY_prime,RoundNum,107096.48,106997.54,False,-53.61,9040.13,SL,2,2025-10
2025-10-27 15:30,LONG,NY_prime,RoundNum,114968.02,115411.84,True,76.3,9116.43,TP2,4,2025-10
2025-10-27 16:30,LONG,NY_prime,PrevHigh,115453.99,115453.99,True,23.15,9139.58,SL,7,2025-10
2025-10-28 15:00,LONG,NY_prime,RoundNum,115340.28,115121.16,False,-89.56,9050.02,SL,1,2025-10
2025-11-02 15:30,LONG,NY_prime,VWAP,110260.03,110128.54,False,-63.08,8986.94,SL,1,2025-11
2025-11-05 15:30,LONG,NY_prime,RoundNum,103542.65,103542.65,True,46.29,9033.23,SL,6,2025-11
2025-11-09 15:15,LONG,NY_prime,PrevHigh,103571.84,103571.84,True,29.43,9062.66,SL,3,2025-11
2025-11-09 16:30,LONG,NY_prime,PrevHigh,103478.08,104026.14,True,112.49,9175.15,TP2,9,2025-11
2025-11-15 17:00,LONG,,VWAP,95821.81,95821.81,True,23.74,9198.89,SL,12,2025-11
2025-11-18 15:15,LONG,NY_prime,RoundNum,92710.54,93458.58,True,184.9,9383.8,TP2,4,2025-11
2025-11-22 15:00,LONG,NY_prime,VWAP,84329.2,84168.9,False,-91.99,9291.8,SL,2,2025-11
2025-11-22 16:00,LONG,NY_prime,VWAP,84535.93,84535.93,True,31.49,9323.29,SL,4,2025-11
2025-11-24 15:45,LONG,NY_prime,VWAP,86564.16,87202.91,True,169.55,9492.84,TP2,3,2025-11
2025-11-29 15:15,LONG,NY_prime,RoundNum,90909.31,90909.31,True,-0.62,9492.22,SL,7,2025-11
2025-12-03 16:45,LONG,NY_prime,PrevHigh,92258.04,93120.92,True,224.7,9716.92,TP2,5,2025-12
2025-12-07 16:00,LONG,NY_prime,VWAP,89240.0,89840.91,True,159.31,9876.22,TP2,4,2025-12
2025-12-20 15:00,LONG,NY_prime,VWAP,88164.01,88093.98,False,-53.11,9823.12,SL,1,2025-12
2025-12-22 16:00,LONG,NY_prime,RoundNum,89785.27,89564.63,False,-118.17,9704.95,SL,2,2025-12
2025-12-25 15:00,LONG,NY_prime,VWAP,87720.77,87865.97,True,22.87,9727.82,TP2,2,2025-12
2026-01-03 15:00,LONG,NY_prime,VWAP,89960.0,90016.21,False,2.91,9730.73,TIME,5,2026-01
2026-01-03 16:15,LONG,NY_prime,RoundNum,90016.21,90068.03,False,1.0,9731.73,TIME,5,2026-01
2026-01-04 16:30,LONG,NY_prime,VWAP,91255.53,91255.53,True,2.01,9733.74,SL,6,2026-01
2026-01-08 16:30,LONG,NY_prime,PrevLow,90625.88,91150.75,True,134.16,9867.9,TP2,5,2026-01
2026-01-10 16:45,LONG,NY_prime,VWAP,90556.01,90556.01,True,-10.52,9857.39,SL,3,2026-01
2026-01-11 16:00,LONG,NY_prime,PrevHigh,90773.13,90948.55,True,30.76,9888.14,TP2,2,2026-01
2026-01-12 15:45,LONG,NY_prime,VWAP,91579.72,92001.26,True,103.76,9991.9,TP2,3,2026-01
2026-01-14 15:15,LONG,NY_prime,RoundNum,96800.01,96605.95,False,-102.11,9889.8,SL,1,2026-01
2026-01-16 15:15,LONG,NY_prime,RoundNum,94672.8,94522.0,False,-84.77,9805.03,SL,1,2026-01
2026-01-17 16:30,LONG,NY_prime,VWAP,95346.01,95279.54,False,-48.91,9756.11,SL,1,2026-01
2026-01-18 16:15,LONG,NY_prime,VWAP,95058.53,95228.66,True,26.6,9782.72,TP2,8,2026-01
2026-01-19 16:30,LONG,NY_prime,RoundNum,93166.84,93166.84,True,6.24,9788.95,SL,4,2026-01
2026-01-23 16:45,LONG,NY_prime,RoundNum,90020.38,90605.25,True,154.07,9943.02,TP2,3,2026-01
2026-02-08 16:30,LONG,NY_prime,RoundNum,70743.28,70579.36,False,-114.03,9828.99,SL,1,2026-02
2026-02-10 17:00,LONG,,VWAP,69368.82,69368.82,True,94.61,9923.6,SL,5,2026-02
2026-02-13 16:00,LONG,NY_prime,RoundNum,69005.52,68922.74,False,-69.45,9854.15,TIME,5,2026-02
2026-02-14 16:45,LONG,NY_prime,RoundNum,69724.0,69730.02,False,-18.28,9835.87,TIME,5,2026-02
2026-02-20 16:45,LONG,NY_prime,RoundNum,67786.99,67514.01,False,-180.08,9655.79,SL,1,2026-02
2026-02-20 17:00,LONG,,RoundNum,67065.61,67745.52,True,249.68,9905.48,TP2,6,2026-02
2026-02-24 17:00,LONG,,RoundNum,64410.17,64213.9,False,-142.53,9762.95,SL,1,2026-02
2026-02-25 17:00,LONG,,RoundNum,68534.98,69100.95,True,201.39,9964.34,TP2,5,2026-02
2026-02-28 16:45,LONG,NY_prime,RoundNum,65094.62,65643.67,True,210.43,10174.76,TP2,7,2026-02
2026-03-15 15:00,LONG,NY_prime,VWAP,71559.06,71464.21,False,-76.33,10098.43,SL,5,2026-03
2026-03-15 16:15,LONG,NY_prime,VWAP,71420.3,71663.23,True,72.43,10170.86,TP2,6,2026-03
2026-03-30 15:00,LONG,NY_prime,VWAP,67517.93,67517.93,True,43.86,10214.72,SL,4,2026-03
2026-04-01 15:00,LONG,NY_prime,PrevHigh,68465.8,68879.83,True,148.03,10362.75,TP2,3,2026-04
2026-04-02 15:30,LONG,NY_prime,RoundNum,66922.68,66922.68,True,54.0,10416.75,SL,9,2026-04
2026-04-04 16:30,LONG,NY_prime,PrevHigh,67510.0,67448.02,False,-61.17,10355.58,SL,1,2026-04
2026-04-11 16:00,LONG,NY_prime,VWAP,72906.09,73072.64,True,42.36,10397.93,TP2,3,2026-04
2026-04-13 16:30,LONG,NY_prime,RoundNum,72340.09,72202.02,False,-102.26,10295.67,TIME,5,2026-04
2026-04-15 15:15,LONG,NY_prime,RoundNum,74052.6,73897.17,False,-109.09,10186.59,SL,1,2026-04
2026-04-23 15:00,LONG,NY_prime,RoundNum,78146.01,78462.67,True,91.38,10277.97,TP2,2,2026-04
2026-04-24 15:00,LONG,NY_prime,VWAP,77751.11,77751.11,True,25.84,10303.81,SL,5,2026-04
2026-05-08 16:00,LONG,NY_prime,VWAP,79941.61,79781.67,False,-105.13,10198.68,SL,2,2026-05
2026-05-09 15:30,LONG,NY_prime,PrevHigh,80475.0,80607.38,True,23.74,10222.42,TP2,3,2026-05
2026-05-09 16:15,LONG,NY_prime,PrevHigh,80650.0,80794.34,True,27.87,10250.3,TP2,4,2026-05
2026-05-10 15:45,LONG,NY_prime,PrevHigh,81408.11,81345.22,False,-54.22,10196.08,SL,2,2026-05
2026-05-14 16:00,LONG,NY_prime,PrevHigh,81561.93,81561.93,True,35.19,10231.27,SL,5,2026-05
2026-05-20 16:45,LONG,NY_prime,PrevHigh,77248.65,77634.79,True,118.56,10349.82,TP2,13,2026-05
