Date,gold,macro_score,macro_raw,fwd_1,fwd_5
2023-05-31,1963.9000244140625,3.333333333333333,1,0.7179579108230971,-1.0794884148195183
2023-06-01,1978.0,10.0,3,-1.2942353683487062,-0.7280093232589713
2023-06-02,1952.4000244140625,-10.0,-3,0.28682521593483834,0.5019425648057796
2023-06-05,1958.0,-3.333333333333333,-1,0.3830439223697635,-0.1378933182775821
2023-06-06,1965.5,-3.333333333333333,-1,-1.1600126597875904,-1.0633439030304004
2023-06-07,1942.699951171875,-3.333333333333333,-1,1.0758235929050786,0.6485869137253797
2023-06-08,1963.5999755859375,10.0,3,-0.07129886084077386,-0.29537211397050456
2023-06-09,1962.199951171875,-3.333333333333333,-1,-0.3516411433824196,-0.19365644951438998
2023-06-12,1955.300048828125,-10.0,-3,-0.5472343361623944,-1.0126348045657707
2023-06-13,1944.5999755859375,-3.333333333333333,-1,0.550245468298094,-0.5810926102890468
2023-06-14,1955.300048828125,3.333333333333333,1,0.12785761456397537,-2.1786987466083096
2023-06-15,1957.800048828125,3.333333333333333,1,0.030645396413020443,-1.976712242159362
2023-06-16,1958.4000244140625,-3.333333333333333,-1,-1.1693231274807592,-1.7718582929741045
2023-06-20,1935.5,-3.333333333333333,-1,-0.11366319668689728,-1.1108240764660327
2023-06-21,1933.300048828125,3.333333333333333,1,-1.0655406370437381,-1.0862255971456292
2023-06-22,1912.699951171875,-10.0,-3,0.334606816408467,-0.1829874046818225
2023-06-23,1919.0999755859375,-3.333333333333333,-1,0.23969442157556475,0.10421551901638182
2023-06-26,1923.699951171875,3.333333333333333,1,-0.5042341018913099,-0.10396631755288377
2023-06-27,1914.0,-3.333333333333333,-1,-0.08881667564655249,0.2925797066843039
2023-06-28,1912.300048828125,-3.333333333333333,-1,-0.16211355839005348,-0.18826008284924534
2023-06-29,1909.199951171875,-10.0,-3,0.623299011020717,0.8904253318027466
2023-06-30,1921.0999755859375,3.333333333333333,1,0.031230836164808373,0.20300996635393975
2023-07-03,1921.699951171875,-10.0,-3,-0.10927697555785931,0.4995627777580891
2023-07-05,1919.5999755859375,-10.0,-3,-0.5678279096005601,1.9066459705890493
2023-07-06,1908.699951171875,-3.333333333333333,-1,0.9168544269755774,2.6457799178438046
2023-07-07,1926.199951171875,-3.333333333333333,-1,-0.06229629333885933,1.759943166514888
2023-07-10,1925.0,3.333333333333333,1,0.32727526379869865,1.4233778916396211
2023-07-11,1931.300048828125,3.333333333333333,1,1.2892819196508976,2.376632381467658
2023-07-12,1956.199951171875,10.0,3,0.15335855612319538,1.0888482445450043
2023-07-13,1959.199951171875,10.0,3,0.04593836445965227,0.4644802921114133
2023-07-14,1960.0999755859375,-3.333333333333333,-1,-0.39283461393714303,0.21427852122348767
2023-07-17,1952.4000244140625,10.0,3,1.2702277426602349,0.4046314441341625
2023-07-18,1977.199951171875,3.333333333333333,1,0.015175441813419788,-0.7637050353449526
2023-07-19,1977.5,3.333333333333333,1,-0.46523141197850615,-0.43489130649494445
2023-07-20,1968.300048828125,-3.333333333333333,-1,-0.2032210486598074,-1.1634417439402411
2023-07-21,1964.300048828125,3.333333333333333,1,-0.20363487759348375,-0.19854524854231448
2023-07-24,1960.300048828125,-3.333333333333333,-1,0.09181894164052018,0.5203260173345603
2023-07-25,1962.0999755859375,-3.333333333333333,-1,0.3465699461157268,-1.0906694195167987
2023-07-26,1968.9000244140625,10.0,3,-1.1935598409570591,-1.599878084687123
2023-07-27,1945.4000244140625,-10.0,-3,0.7710496459214289,-0.6888056053200975
2023-07-28,1960.4000244140625,10.0,3,0.5151997276145792,-1.061010435068821
2023-07-31,1970.5,3.333333333333333,1,-1.512308999143619,-1.8776960162395384
2023-08-01,1940.699951171875,-10.0,-3,-0.170037967786818,-0.8553602310297226
2023-08-02,1937.4000244140625,-10.0,-3,-0.27872531981079085,-1.1355424653023638
2023-08-03,1932.0,-3.333333333333333,-1,0.3933734775329878,-0.9109718212182982
2023-08-04,1939.5999755859375,3.333333333333333,1,-0.31449657984733426,-1.3765699890674221
2023-08-07,1933.5,-10.0,-3,-0.4861662484645701,-1.1843819195274108
2023-08-08,1924.0999755859375,-3.333333333333333,-1,-0.4521569191967556,-1.122601520711508
2023-08-09,1915.4000244140625,3.333333333333333,1,-0.0522084153312008,-1.007624965131193
2023-08-10,1914.4000244140625,-10.0,-3,-0.07835353013323498,-1.582743859262059
2023-08-11,1912.9000244140625,-10.0,-3,-0.12023884148516517,-1.4010167016613506
2023-08-14,1910.5999755859375,-10.0,-3,-0.4239493190328014,-0.9054708980882786
2023-08-15,1902.5,-10.0,-3,-0.33640075763797794,-0.3206294657522979
2023-08-16,1896.0999755859375,-10.0,-3,-0.6328780209119422,1.181373593295909
2023-08-17,1884.0999755859375,-10.0,-3,0.10615147953483284,1.8098814302745625
2023-08-18,1886.0999755859375,3.333333333333333,1,0.38174398681865007,1.3254864706858216
2023-08-21,1893.300048828125,-3.333333333333333,-1,0.16373398330900013,1.2993173269690628
2023-08-22,1896.4000244140625,-3.333333333333333,-1,1.165364654156531,2.1145314843753704
2023-08-23,1918.5,3.333333333333333,1,-0.015639761695329657,1.344803170608544
2023-08-24,1918.199951171875,-10.0,-3,-0.3701374083343034,1.0426441720938096
2023-08-25,1911.0999755859375,-10.0,-3,0.35581858170659064,1.50175676881521
2023-08-28,1917.9000244140625,3.333333333333333,1,0.9698094451831452,0.43276117900610256
2023-08-29,1936.5,10.0,3,0.40279105748128874,-0.9501690892880221
2023-08-30,1944.300048828125,10.0,3,-0.3137426067507776,-1.3783905855620393
2023-08-31,1938.199951171875,3.333333333333333,1,0.08255586093077749,-1.0215626486751783
2023-09-01,1939.800048828125,-3.333333333333333,-1,-0.7011082232143528,-0.8506031335532738
2023-09-05,1926.199951171875,-10.0,-3,-0.4205158234486306,-0.7735387146430517
2023-09-06,1918.0999755859375,-10.0,-3,-0.031279682684648424,-0.46921433264972556
2023-09-07,1917.5,-3.333333333333333,-1,0.04693738795631397,-0.39113428943937656
2023-09-08,1918.4000244140625,-3.333333333333333,-1,0.2554224536959637,0.2762680718496835
2023-09-11,1923.300048828125,-3.333333333333333,-1,-0.6239276085554968,0.426347993744991
2023-09-12,1911.300048828125,-3.333333333333333,-1,-0.11510873154303436,1.0830299085989648
2023-09-13,1909.0999755859375,-3.333333333333333,-1,0.047143912082781014,1.9118956820895372
2023-09-14,1910.0,-10.0,-3,0.7172749304646509,0.4816728362238232
2023-09-15,1923.699951171875,-3.333333333333333,-1,0.40547117669642585,0.08837517728021993
2023-09-18,1931.5,10.0,3,0.025886616619197333,-0.771422439247349
2023-09-19,1932.0,-3.333333333333333,-1,0.7039324837441852,-1.6356095023777217
2023-09-20,1945.5999755859375,10.0,3,-1.35690916659843,-3.8034539950954738
2023-09-21,1919.199951171875,-10.0,-3,0.32305509586958436,-3.0637728352331917
2023-09-22,1925.4000244140625,-3.333333333333333,-1,-0.45705041635714094,-4.014752666872379
2023-09-25,1916.5999755859375,-10.0,-3,-0.8452442543166794,-4.518416815666626
2023-09-26,1900.4000244140625,-10.0,-3,-1.515472977169885,-3.9886364899145876
2023-09-27,1871.5999755859375,-10.0,-3,-0.5984158643926429,-2.8371434215964664
2023-09-28,1860.4000244140625,3.333333333333333,1,-0.6611507561121943,-2.354334995341656
2023-09-29,1848.0999755859375,3.333333333333333,1,-0.9793829243571639,-0.9685636410653231
2023-10-02,1830.0,-10.0,-3,-0.29508330131489124,1.0655737704918122
2023-10-03,1824.5999755859375,-10.0,-3,-0.3343185173494634,1.9949591637133057
2023-10-04,1818.5,3.333333333333333,1,-0.10448305823824722,2.985980139022537
2023-10-05,1816.5999755859375,3.333333333333333,1,0.748649992772954,2.9010279616011436
2023-10-06,1830.199951171875,-3.333333333333333,-1,1.054532255656948,5.310899127712809
2023-10-09,1849.5,-10.0,-3,0.621789672884554,3.8713152520106764
2023-10-10,1861.0,3.333333333333333,1,0.634070329292058,3.315419192470448
2023-10-11,1872.800048828125,3.333333333333333,1,-0.18688594130430447,4.405168616458721
2023-10-12,1869.300048828125,-10.0,-3,3.108113950051017,5.301448296011335
2023-10-13,1927.4000244140625,3.333333333333333,1,-0.3268677362417427,2.8587721743278616
2023-10-16,1921.0999755859375,3.333333333333333,1,0.08328434783564376,2.8733576567430585
2023-10-17,1922.699951171875,-3.333333333333333,-1,1.6955374465152717,2.7201357547363747
2023-10-18,1955.300048828125,-3.333333333333333,-1,0.6699726517057414,1.4729159739485187
2023-10-19,1968.4000244140625,3.333333333333333,1,0.7163165723966358,0.955086696029106
2023-10-20,1982.5,10.0,3,-0.31273398092686033,0.30769107621375635
2023-10-23,1976.300048828125,10.0,3,-0.06578195597859438,1.0069271796835588
2023-10-24,1975.0,-3.333333333333333,-1,0.46075825751581423,0.5164532238923991
2023-10-25,1984.0999755859375,-3.333333333333333,-1,0.15624089632992888,-0.26711994471182443
2023-10-26,1987.199951171875,3.333333333333333,1,0.07045211596532486,-0.08051407131899335
2023-10-27,1988.5999755859375,3.333333333333333,1,0.38217719396773653,0.14583246754833468
2023-10-30,1996.199951171875,3.333333333333333,1,-0.5510470027585423,-0.7313884351798805
2023-10-31,1985.199951171875,-3.333333333333333,-1,-0.32238074255301896,-0.9268538583676933
2023-11-01,1978.800048828125,3.333333333333333,1,0.3436389018607322,-1.3796264480735454
2023-11-02,1985.5999755859375,10.0,3,0.2971406369161267,-1.0777611138793164
2023-11-03,1991.5,10.0,3,-0.4971139550119297,-2.957570897015438
2023-11-06,1981.5999755859375,-3.333333333333333,-1,-0.7468675282677251,-1.821758984189692
2023-11-07,1966.800048828125,3.333333333333333,1,-0.7779158251110085,-0.2542200465664557
2023-11-08,1951.5,3.333333333333333,1,0.650778948084807,0.44068540025301584
2023-11-09,1964.199951171875,-3.333333333333333,-1,-1.6087962718400628,1.002956609913075
2023-11-10,1932.5999755859375,3.333333333333333,1,0.6674958386125196,2.535444510969942
2023-11-13,1945.5,3.333333333333333,1,0.8378334015998412,1.6550990065214544
2023-11-14,1961.800048828125,10.0,3,-0.08665884391241274,1.9115097903275258
2023-11-15,1960.0999755859375,-3.333333333333333,-1,1.2142262703212614,1.5968598141923085
2023-11-16,1983.9000244140625,10.0,3,-0.11593572255760298,0.9224218223001124
2023-11-17,1981.5999755859375,10.0,3,-0.19681189251676834,1.5240247080270386
2023-11-20,1977.699951171875,10.0,3,1.092182747107362,3.13495482281132
2023-11-21,1999.300048828125,3.333333333333333,1,-0.3951395098846233,2.390833071095555
2023-11-22,1991.4000244140625,3.333333333333333,1,0.5423283431459369,2.3450813799008374
2023-11-24,2002.199951171875,3.333333333333333,1,0.47947746930225854,3.4362226803500207
2023-11-27,2011.800048828125,10.0,3,1.3868128872947194,0.6113891271141592
2023-11-28,2039.699951171875,10.0,3,0.362799656381374,-1.0393661655821007
2023-11-29,2047.0999755859375,3.333333333333333,1,-0.43964633419645294,-0.8109020460119964
2023-11-30,2038.0999755859375,-3.333333333333333,-1,1.6142497820600843,-0.402333117614484
2023-12-01,2071.0,10.0,3,-2.2646076491580125,-3.5103791005251073
2023-12-04,2024.0999755859375,-3.333333333333333,-1,-0.27666496978818733,-2.277554278048566
2023-12-05,2018.5,3.333333333333333,1,0.5945008669804297,-2.0163463548117377
2023-12-06,2030.5,3.333333333333333,1,-0.02954816970881513,-2.3737971520253587
2023-12-07,2029.9000244140625,3.333333333333333,1,-1.5567257109156851,0.014775444810344318
2023-12-08,1998.300048828125,-3.333333333333333,-1,-1.0158659026220707,1.140966131246568
2023-12-11,1978.0,3.333333333333333,1,-0.010108754897619754,2.4418629336766973
2023-12-12,1977.800048828125,10.0,3,0.22752552780380686,3.064009206686169
2023-12-13,1982.300048828125,10.0,3,2.416380021383091,2.63330221894178
2023-12-14,2030.199951171875,10.0,3,-0.44823050954585497,0.4383816682157482
2023-12-15,2021.0999755859375,3.333333333333333,1,0.2572892635199775,1.7812143142436954
2023-12-18,2026.300048828125,3.333333333333333,1,0.5971462909915681,1.5742931241697677
2023-12-19,2038.4000244140625,10.0,3,-0.19132772602784565,2.1340206735030565
2023-12-20,2034.5,3.333333333333333,1,0.2260985788123726,1.9365889576677286
2023-12-21,2039.0999755859375,3.333333333333333,1,0.8827483833959704,1.1426573996754286
2023-12-22,2057.10009765625,3.333333333333333,1,0.05346621279529451,0.3548589928033641
2023-12-26,2058.199951171875,10.0,3,1.151489249544535,-1.1660674652302472
2023-12-27,2081.89990234375,10.0,3,-0.3842643919140354,-1.9021017038832855
2023-12-28,2073.89990234375,-3.333333333333333,-1,-0.5545108511265995,-1.5188716627108634
2023-12-29,2062.39990234375,-3.333333333333333,-1,0.09697440335054708,-1.735838268665979
2024-01-02,2064.39990234375,-3.333333333333333,-1,-1.462892491788459,-1.8407227149422778
2024-01-03,2034.199951171875,3.333333333333333,1,0.3981957452896312,-0.6144921984094442
2024-01-04,2042.300048828125,3.333333333333333,1,0.004895244750890981,-1.3710032478364997
2024-01-05,2042.4000244140625,3.333333333333333,1,-0.7736020681187505,0.21053303497908793
2024-01-08,2026.5999755859375,10.0,3,-0.009866336439545709,-0.02960503272304571
2024-01-09,2026.4000244140625,-3.333333333333333,-1,-0.23194202455394386,-1.174499039744481
2024-01-10,2021.699951171875,3.333333333333333,1,-0.3660237682382439,-0.1533350972354075
2024-01-11,2014.300048828125,10.0,3,1.6084943433625654,0.6056670245812024
2024-01-12,2046.699951171875,3.333333333333333,1,-1.011381817839141,-1.3143061017980684
2024-01-16,2026.0,-3.333333333333333,-1,-1.1549863975351626,-0.11352659566263856
2024-01-17,2002.5999755859375,-10.0,-3,0.7989613599849621,0.5642688987259614
2024-01-18,2018.5999755859375,-3.333333333333333,-1,0.3913615629451028,-0.08421436601778742
2024-01-19,2026.5,3.333333333333333,1,-0.33061688486922813,-0.47865537487663534
2024-01-22,2019.800048828125,3.333333333333333,1,0.19308358498222322,0.2673483618778505
2024-01-23,2023.699951171875,-3.333333333333333,-1,-0.4842578936733011,0.3854350455267941
2024-01-24,2013.9000244140625,-3.333333333333333,-1,0.14896469356133757,1.7130879145664135
2024-01-25,2016.9000244140625,3.333333333333333,1,-0.004956893486407488,1.7898743194484812
2024-01-26,2016.800048828125,3.333333333333333,1,0.4164965361157513,0.956957868432573
2024-01-29,2025.199951171875,3.333333333333333,1,0.3110828056498649,0.024688920208126852
2024-01-30,2031.5,10.0,3,0.8318928055008667,0.14767413241447702
2024-01-31,2048.39990234375,10.0,3,0.2245702926946258,-0.6444030365736597
2024-02-01,2053.0,10.0,3,-0.8231867712646168,-1.0131538640099857
2024-02-02,2036.0999755859375,-3.333333333333333,-1,-0.5107816187203462,-0.6286492270169086
2024-02-05,2025.699951171875,-3.333333333333333,-1,0.43442015304557824,-0.3702423942727129
2024-02-06,2034.5,10.0,3,0.03440408807446893,-2.04472723450172
2024-02-07,2035.199951171875,3.333333333333333,1,-0.14740566391389098,-2.206166638216378
2024-02-08,2032.199951171875,-3.333333333333333,-1,-0.43794422584342296,-1.4811522640073016
2024-02-09,2023.300048828125,3.333333333333333,1,-0.25206828118271574,-0.5832080533462847
2024-02-12,2018.199951171875,-3.333333333333333,-1,-1.2535887112236854,0.46080908993804126
2024-02-13,1992.9000244140625,-10.0,-3,-0.13046191751149294,1.4752382986550794
2024-02-14,1990.300048828125,3.333333333333333,1,0.5928717514105619,1.4771593037472108
2024-02-15,2002.0999755859375,3.333333333333333,1,0.469508242779515,1.8230857821831759
2024-02-16,2011.5,-3.333333333333333,-1,0.7954262987819982,0.8451404424558717
2024-02-20,2027.5,10.0,3,-0.25647108122688334,0.3205918618989001
2024-02-21,2022.300048828125,3.333333333333333,1,-0.12857130957182328,0.5290981018407859
2024-02-22,2019.699951171875,3.333333333333333,1,0.9357837733815932,1.287319930117059
2024-02-23,2038.5999755859375,10.0,3,-0.4954368540613041,2.3692694661163305
2024-02-26,2028.5,3.333333333333333,1,0.2711363076164597,4.397335527329305
2024-02-27,2034.0,-3.333333333333333,-1,-0.0491642084562427,4.8918387413962705
2024-02-28,2033.0,3.333333333333333,1,0.6246901707759545,5.76980072937161
2024-02-29,2045.699951171875,3.333333333333333,1,2.0139782057614797,5.489565992500234
2024-03-01,2086.89990234375,10.0,3,1.4758757137097955,4.394086904192851
2024-03-04,2117.699951171875,3.333333333333333,1,0.746094781717388,3.059925878180536
2024-03-05,2133.5,10.0,3,0.7874407700082076,1.2608344196742394
2024-03-06,2150.300048828125,10.0,3,0.3580872900073251,1.1672721455456392
2024-03-07,2158.0,10.0,3,0.9545921064064045,0.23169601482855295
2024-03-08,2178.60009765625,10.0,3,0.17900955517011763,-0.9776942932775867
2024-03-11,2182.5,-3.333333333333333,-1,-1.0126047036082442,-0.9988567618843036
2024-03-12,2160.39990234375,-3.333333333333333,-1,0.6943158988170106,-0.18977289858128632
2024-03-13,2175.39990234375,3.333333333333333,1,-0.5700056495539285,-0.8044497924793337
2024-03-14,2163.0,-3.333333333333333,-1,-0.26352062745608196,0.8968979354484485
2024-03-15,2157.300048828125,-3.333333333333333,-1,0.15759988257531,0.03708565382731788
2024-03-18,2160.699951171875,-3.333333333333333,-1,-0.20363319494517418,0.6525708323639634
2024-03-19,2156.300048828125,3.333333333333333,1,0.0741943829428715,0.8950539531181523
2024-03-20,2157.89990234375,10.0,3,1.1353631358614003,1.5153712772767447
2024-03-21,2182.39990234375,3.333333333333333,1,-1.11344417956597,1.603739074695354
2024-03-22,2158.10009765625,3.333333333333333,1,0.7738265333480765,3.632820480796717
2024-03-25,2174.800048828125,3.333333333333333,1,0.03678723607516421,3.963580524026722
2024-03-26,2175.60009765625,3.333333333333333,1,0.6894649442312106,5.4605533809031215
2024-03-27,2190.60009765625,3.333333333333333,1,1.2234001411838502,4.482787674342759
2024-03-28,2217.39990234375,-3.333333333333333,-1,0.8613736131250604,4.884100910875566
2024-04-01,2236.5,-3.333333333333333,-1,1.0954616588419341,4.256648833976073
2024-04-02,2261.0,3.333333333333333,1,1.4772181487726632,3.6488279522335354
2024-04-03,2294.39990234375,10.0,3,-0.24406615036484114,1.534178731290159
2024-04-04,2288.800048828125,10.0,3,1.6121942308871873,2.883607068856553
2024-04-05,2325.699951171875,-3.333333333333333,-1,0.25798684808746586,1.311433144444596
2024-04-08,2331.699951171875,3.333333333333333,1,0.5060706383852809,1.462456506855081
2024-04-09,2343.5,3.333333333333333,1,-0.593125766748448,2.018350707408789
2024-04-10,2329.60009765625,-3.333333333333333,-1,1.0817286278974603,1.8071708340835269
2024-04-11,2354.800048828125,-3.333333333333333,-1,0.0594488837575291,1.167827392125531
2024-04-12,2356.199951171875,3.333333333333333,1,0.40743985464710697,1.791017402868822
2024-04-15,2365.800048828125,-3.333333333333333,-1,1.0567249760766284,-1.4202424956789361
2024-04-16,2390.800048828125,-3.333333333333333,-1,-0.7988998354593546,-2.639287952465086
2024-04-17,2371.699951171875,10.0,3,0.4469409231556698,-1.9901316415912196
2024-04-18,2382.300048828125,-3.333333333333333,-1,0.6758113245871167,-2.203752630816813
2024-04-19,2398.39990234375,3.333333333333333,1,-2.7601715254901182,-2.6517618456152525
2024-04-22,2332.199951171875,3.333333333333333,1,-0.19295086588689836,0.5659871129506833
2024-04-23,2327.699951171875,10.0,3,-0.13747266567858407,-1.5594814447562166
2024-04-24,2324.5,-3.333333333333333,-1,0.22800812338674703,-1.058296307001505
2024-04-25,2329.800048828125,3.333333333333333,1,0.2146106916992796,-1.3134216248146147
2024-04-26,2334.800048828125,3.333333333333333,1,0.4539940591891556,-1.5333239711937452
2024-04-29,2345.39990234375,10.0,3,-2.302379220960915,-1.0147439958412607
2024-04-30,2291.39990234375,-3.333333333333333,-1,0.37095227207202264,1.0386684927315093
2024-05-01,2299.89990234375,10.0,3,-0.030433984155642246,0.5956865904702457
2024-05-02,2299.199951171875,10.0,3,-0.008696554285025915,1.430938899751033
2024-05-03,2299.0,10.0,3,0.9830403504240914,2.970859018187255
2024-05-06,2321.60009765625,3.333333333333333,1,-0.2756782484130804,0.6245692363055166
2024-05-07,2315.199951171875,3.333333333333333,1,-0.06910217473075075,1.6499633715238993
2024-05-08,2313.60009765625,-3.333333333333333,-1,0.7996196066356154,3.246017044678706
2024-05-09,2332.10009765625,10.0,3,1.509367081080737,2.0539385248467434
2024-05-10,2367.300048828125,-3.333333333333333,-1,-1.3179550765995973,1.8966713731948248
2024-05-13,2336.10009765625,10.0,3,0.7405420985537647,4.186456084892076
2024-05-14,2353.39990234375,10.0,3,1.4999596453186603,2.902186269324858
2024-05-15,2388.699951171875,10.0,3,-0.36421280821004043,0.020931888065511828
2024-05-16,2380.0,-3.333333333333333,-1,1.3529391248686906,-1.8907563025210128
2024-05-17,2412.199951171875,3.333333333333333,1,0.8995917258572517,-3.3040358504756506
2024-05-20,2433.89990234375,-3.333333333333333,-1,-0.5012511467758718,-3.233491693561019
2024-05-21,2421.699951171875,3.333333333333333,1,-1.3420324835978548,-3.3612711725232614
2024-05-22,2389.199951171875,-3.333333333333333,-1,-2.2685397739645285,-1.9378892421881844
2024-05-23,2335.0,-3.333333333333333,-1,-0.10706638115631772,-0.518205467077093
2024-05-24,2332.5,10.0,3,0.9732026225884205,0.6045057944801702
2024-05-28,2355.199951171875,3.333333333333333,1,-0.6326385297492965,-1.2610373551127707
2024-05-29,2340.300048828125,-3.333333333333333,-1,0.11109060639156176,0.5896700653847953
2024-05-30,2342.89990234375,10.0,3,-0.8536429567474357,1.1694971030117296
2024-05-31,2322.89990234375,10.0,3,1.0202848296901212,-0.7619764912821347
2024-06-03,2346.60009765625,10.0,3,-0.8991773961538829,-1.6577237222152985
2024-06-04,2325.5,10.0,3,1.2298472438722952,-0.7740270909481817
2024-06-05,2354.10009765625,3.333333333333333,1,0.6881589779467623,-0.768875447321482
2024-06-06,2370.300048828125,10.0,3,-2.7464918497738466,-2.957435607821357
2024-06-07,2305.199951171875,-10.0,-3,0.10845046212710763,1.1365587249191123
2024-06-10,2307.699951171875,-10.0,-3,-0.008664522082846293,0.20366387621095772
2024-06-11,2307.5,-3.333333333333333,-1,1.2351029252437806,0.992411802546056
2024-06-12,2336.0,10.0,3,-1.5325363368204226,0.7619883916149428
2024-06-13,2300.199951171875,-3.333333333333333,-1,1.3564016969907167,0.7042844759483469
2024-06-14,2331.39990234375,3.333333333333333,1,-0.8149610017955,-0.060045569288336154
2024-06-17,2312.39990234375,-3.333333333333333,-1,0.778412072313106,0.1816379298512638
2024-06-18,2330.39990234375,10.0,3,1.0041257923518065,-1.3388239134620727
2024-06-20,2353.800048828125,-3.333333333333333,-1,-1.5889262345370136,-1.2447976982034814
2024-06-21,2316.39990234375,-3.333333333333333,-1,0.5871221822488115,0.4878280652961253
2024-06-24,2330.0,10.0,3,-0.5751031048819688,-0.10300010059013376
2024-06-25,2316.60009765625,3.333333333333333,1,-0.7511070426863498,0.2762627157887554
2024-06-26,2299.199951171875,-10.0,-3,1.1003848888927692,2.635703677070933
2024-06-27,2324.5,10.0,3,0.13766191318025367,2.7532802753280183
2024-06-28,2327.699951171875,3.333333333333333,1,-0.004289793260281449,1.1814237477710599
2024-07-01,2327.60009765625,-3.333333333333333,-1,-0.19763264578318562,1.3962879634145775
2024-07-02,2323.0,10.0,3,1.5841605177841167,2.117948823584803
2024-07-03,2359.800048828125,10.0,3,1.2162026687865923,2.339179168984562
2024-07-05,2388.5,10.0,3,-1.3941824922807156,1.067615658362997
2024-07-08,2355.199951171875,3.333333333333333,1,0.20805649566768558,2.874488475519432
2024-07-09,2360.10009765625,-3.333333333333333,-1,0.5126839123324123,4.334553639868544
2024-07-10,2372.199951171875,10.0,3,1.804234453633713,3.4820040197473867
2024-07-11,2415.0,10.0,3,-0.041407867494824835,1.5238115456780443
2024-07-12,2414.0,10.0,3,0.3686786389291541,-0.7663628831814373
2024-07-15,2422.89990234375,-3.333333333333333,-1,1.6302778320222977,-1.2753272355106149
2024-07-16,2462.39990234375,3.333333333333333,1,-0.3086360387031917,-2.347295605091815
2024-07-17,2454.800048828125,10.0,3,-0.12220954620854041,-1.6905653892182126
2024-07-18,2451.800048828125,-3.333333333333333,-1,-2.296274072391602,-4.074563361401506
2024-07-19,2395.5,-3.333333333333333,-1,-0.1461072844917588,-0.6470465456063446
2024-07-22,2392.0,3.333333333333333,1,0.5267599354619623,-0.6145464536737033
2024-07-23,2404.60009765625,3.333333333333333,1,0.36180449216294264,0.016630721430144213
2024-07-24,2413.300048828125,3.333333333333333,1,-2.544240054782676,0.5469668464261224
2024-07-25,2351.89990234375,3.333333333333333,1,1.1947828914082192,3.5333177901592627
2024-07-26,2380.0,10.0,3,-0.11344332654936728,1.9201660156249911
2024-07-29,2377.300048828125,3.333333333333333,1,1.1651853196036122,1.026370329474302
2024-07-30,2405.0,10.0,3,0.8939708939708968,-0.6611186005717307
2024-07-31,2426.5,10.0,3,0.35029878425716365,-1.483618380383267
2024-08-01,2435.0,3.333333333333333,1,-0.38193219006673607,-0.5256693563911674
2024-08-02,2425.699951171875,10.0,3,-0.9894051400877291,0.2638474095397969
2024-08-05,2401.699951171875,10.0,3,-0.5246222996955541,2.527374460005194
2024-08-06,2389.10009765625,-3.333333333333333,-1,0.058595382634796245,3.24807878881892
2024-08-07,2390.5,-3.333333333333333,-1,1.326080366947302,2.045593070225893
2024-08-08,2422.199951171875,-3.333333333333333,-1,0.4087254018639186,1.2757058503541474
2024-08-09,2432.10009765625,10.0,3,1.2458288504120008,2.7342624616513156
2024-08-12,2462.39990234375,3.333333333333333,1,0.17462837064086134,1.6000709895607645
2024-08-13,2466.699951171875,10.0,3,-1.1067438021862053,1.808087669319547
2024-08-14,2439.39990234375,3.333333333333333,1,0.5616215405820579,2.8285645143178773
2024-08-15,2453.10009765625,-3.333333333333333,-1,1.8547958986048663,1.0517224597622388
2024-08-16,2498.60009765625,10.0,3,0.1280697609383985,0.39221181079327483
2024-08-19,2501.800048828125,10.0,3,0.3797265894390778,0.6355384936217234
2024-08-20,2511.300048828125,10.0,3,-0.11548387002693339,0.18715211565691892
2024-08-21,2508.39990234375,10.0,3,-1.1760485229024398,-0.29500488884710574
2024-08-22,2478.89990234375,-3.333333333333333,-1,1.1900440179980043,1.8879362084720075
2024-08-23,2508.39990234375,10.0,3,0.3707562266860087,-0.5820385139539974
2024-08-26,2517.699951171875,-3.333333333333333,-1,-0.06752000654739465,-1.1041843494966619
2024-08-27,2516.0,3.333333333333333,1,-0.59618441971383,-0.8982550737778205
2024-08-28,2501.0,-3.333333333333333,-1,0.9876030056727325,0.41582976184526554
2024-08-29,2525.699951171875,-3.333333333333333,-1,-1.2630123514453473,-1.2748921801631563
2024-08-30,2493.800048828125,-3.333333333333333,-1,-0.15639371272799796,0.3207955667399842
2024-09-03,2489.89990234375,3.333333333333333,1,0.14056789980614326,0.8996404419024939
2024-09-04,2493.39990234375,10.0,3,0.7219058596689809,0.7499878096137724
2024-09-05,2511.39990234375,10.0,3,-0.7127459998324093,1.5847754390283297
2024-09-06,2493.5,3.333333333333333,1,0.3328674083868055,3.521156961224192
2024-09-09,2501.800048828125,3.333333333333333,1,0.4196978093800263,3.141732032199873
2024-09-10,2512.300048828125,3.333333333333333,1,-0.00795888898574848,2.0698164625780224
2024-09-11,2512.10009765625,-3.333333333333333,-1,1.5564608095077315,2.3327037632894454
2024-09-12,2551.199951171875,3.333333333333333,1,1.1798407899162866,1.442460392460454
2024-09-13,2581.300048828125,10.0,3,-0.03487182688365342,1.4953648466069946
2024-09-16,2580.39990234375,10.0,3,-0.6239286205599992,1.786548573900415
2024-09-17,2564.300048828125,-3.333333333333333,-1,0.24957696922693895,3.3888351865634103
2024-09-18,2570.699951171875,3.333333333333333,1,0.6729703643647111,3.442642147313091
2024-09-19,2588.0,-3.333333333333333,-1,1.2326082822160078,3.1646020998357782
2024-09-20,2619.89990234375,3.333333333333333,1,0.2519217490082548,0.9313388829300884
2024-09-23,2626.5,-3.333333333333333,-1,0.9404131418951023,0.36550914358461917
2024-09-24,2651.199951171875,10.0,3,0.3017501564325231,0.6072758732940331
2024-09-25,2659.199951171875,-3.333333333333333,-1,0.4023748258253246,-0.4550185671556073
2024-09-26,2669.89990234375,3.333333333333333,1,-0.9588319582000904,-0.4794114070068245
2024-09-27,2644.300048828125,10.0,3,-0.31009911963315595,0.05672578649555948
2024-09-30,2636.10009765625,-3.333333333333333,-1,1.1835647363927837,0.3300311387875565
2024-10-01,2667.300048828125,3.333333333333333,1,-0.7573182919840549,-1.9607861084508627
2024-10-02,2647.10009765625,-3.333333333333333,-1,0.3777718873892999,-1.552646146348613
2024-10-03,2657.10009765625,-3.333333333333333,-1,-0.4252774985064489,-1.3736780195896858
2024-10-04,2645.800048828125,-3.333333333333333,-1,-0.037795751059988,0.445991708003457
2024-10-07,2644.800048828125,-3.333333333333333,-1,-1.1267410873396222,0.11343012494759996
2024-10-08,2615.0,-3.333333333333333,-1,-0.34416826003823564,1.7743748506214185
2024-10-09,2606.0,-3.333333333333333,-1,0.5602493344685433,2.609363008442056
2024-10-10,2620.60009765625,-3.333333333333333,-1,1.4118903541632033,2.686403866301945
2024-10-11,2657.60009765625,10.0,3,-0.3687555865447112,2.110921562845358
2024-10-14,2647.800048828125,-3.333333333333333,-1,0.5136284184919404,2.843872174617257
2024-10-15,2661.39990234375,10.0,3,0.4734387209210489,3.111146459245284
2024-10-16,2674.0,3.333333333333333,1,0.6357516828721099,1.5108415237004458
2024-10-17,2691.0,-3.333333333333333,-1,0.843550768185608,1.6313601762820484
2024-10-18,2713.699951171875,10.0,3,0.3463959410956896,1.002319772314153
2024-10-21,2723.10009765625,-3.333333333333333,-1,0.7748467834063577,0.7271052835898795
2024-10-22,2744.199951171875,-3.333333333333333,-1,-1.0859284803718228,0.8818581591162999
2024-10-23,2714.39990234375,-3.333333333333333,-1,0.7552313858506743,2.7298887533951044
2024-10-24,2734.89990234375,10.0,3,0.21938645706405246,0.12432434845097706
2024-10-25,2740.89990234375,-3.333333333333333,-1,0.07296873549778038,-0.08390691996936761
2024-10-28,2742.89990234375,-3.333333333333333,-1,0.9296730069591863,-0.24790568119856804
2024-10-29,2768.39990234375,10.0,3,0.7260547018237196,-1.0150214747455921
2024-10-30,2788.5,10.0,3,-1.8002492799668257,-4.335660833557464
2024-10-31,2738.300048828125,3.333333333333333,1,0.01095748540242969,-1.4571137484166719
2024-11-01,2738.60009765625,-3.333333333333333,-1,-0.0912875159151394,-1.865920391224063
2024-11-04,2736.10009765625,10.0,3,0.15350137136695974,-4.5648968249138555
2024-11-05,2740.300048828125,10.0,3,-2.6529923685898793,-5.119879076312229
2024-11-06,2667.60009765625,-3.333333333333333,-1,1.154588527514333,-3.253862859893708
2024-11-07,2698.39990234375,10.0,3,-0.4039394729551615,-4.825079894895756
2024-11-08,2687.5,3.333333333333333,1,-2.8390715843023218,-4.532094840116274
2024-11-11,2611.199951171875,-10.0,-3,-0.4289197066983941,-0.022972331757120656
2024-11-12,2600.0,-10.0,-3,-0.7384596604567362,1.0423114483173013
2024-11-13,2580.800048828125,-10.0,-3,-0.488224481473154,2.6115894710384335
2024-11-14,2568.199951171875,-3.333333333333333,-1,-0.09734444542992549,4.045640855844002
2024-11-15,2565.699951171875,-10.0,-3,1.7500154865679907,5.620296757850118
2024-11-18,2610.60009765625,3.333333333333333,1,0.6320385881703361,0.2374914172967868
2024-11-19,2627.10009765625,3.333333333333333,1,0.8031613844653007,-0.2588423956206176
2024-11-20,2648.199951171875,-3.333333333333333,-1,0.9025053593026078,-0.3134222861250313
2024-11-21,2672.10009765625,-3.333333333333333,-1,1.414610355377599,-0.5651022455893218
2024-11-22,2709.89990234375,3.333333333333333,1,-3.4355458456271526,-2.7676299015743644
2024-11-25,2616.800048828125,3.333333333333333,1,0.13375114394267307,1.06618395839011
2024-11-26,2620.300048828125,-10.0,-3,0.7480003492115639,1.2784795395848647
2024-11-27,2639.89990234375,10.0,3,0.647755531983174,-0.5037995825406982
2024-11-29,2657.0,10.0,3,-0.8317688240967236,-0.692506674586002
2024-12-02,2634.89990234375,-10.0,-3,0.3719324904679633,1.1385631755238546
2024-12-03,2644.699951171875,3.333333333333333,1,0.34408809408483787,2.0002324445514086
2024-12-04,2653.800048828125,10.0,3,-1.0249435025779796,3.014545125030299
2024-12-05,2626.60009765625,-3.333333333333333,-1,0.45686437043490624,2.318582961985416
2024-12-06,2638.60009765625,3.333333333333333,1,0.9967332568076914,0.6594368869767608
2024-12-09,2664.89990234375,-3.333333333333333,-1,1.2270703032313035,-0.5065856315326078
2024-12-10,2697.60009765625,-3.333333333333333,-1,1.3419317119437668,-1.9721305377591647
2024-12-11,2733.800048828125,-3.333333333333333,-1,-1.6936150413770057,-3.5591501605918063
2024-12-12,2687.5,-3.333333333333333,-1,-1.1720930232558158,-3.5460483284883715
2024-12-13,2656.0,-3.333333333333333,-1,-0.17319644790098065,-1.0278632841914548
2024-12-16,2651.39990234375,10.0,3,-0.2640114753648559,-1.4746871447442578
2024-12-17,2644.39990234375,-3.333333333333333,-1,-0.29874083480143643,-0.9227009243996775
2024-12-18,2636.5,-10.0,-3,-1.6802597696994104,0.08723871906410885
2024-12-19,2592.199951171875,-10.0,-3,1.408070391464178,0.9644317749754716
2024-12-20,2628.699951171875,3.333333333333333,1,-0.6238788240719106,-0.8597349996354642
2024-12-23,2612.300048828125,-10.0,-3,0.2947575327470142,0.6469357282036237
2024-12-24,2620.0,-3.333333333333333,-1,0.7175591155772931,1.4847290970896987
2024-12-26,2638.800048828125,3.333333333333333,1,-0.8185575737669981,0.23495342796542307
2024-12-27,2617.199951171875,-3.333333333333333,-1,-0.42411178827413964,0.8100241314150436
2024-12-30,2606.10009765625,-3.333333333333333,-1,0.8863762959987476,1.9415928636483004
2024-12-31,2629.199951171875,-10.0,-3,1.1296193413755873,1.342615604887376
2025-01-02,2658.89990234375,-3.333333333333333,-1,-0.5227689215189235,0.9364830342964758
2025-01-03,2645.0,3.333333333333333,1,-0.2495311023156921,2.400756143667304
2025-01-06,2638.39990234375,-3.333333333333333,-1,0.6936040594857751,1.3303554789048322
2025-01-07,2656.699951171875,-3.333333333333333,-1,0.2935991633034929,0.7829280389360482
2025-01-08,2664.5,-3.333333333333333,-1,0.7243403575952323,1.8014636892475178
2025-01-09,2683.800048828125,-3.333333333333333,-1,0.9203349997202626,2.3325080995866054
2025-01-10,2708.5,-3.333333333333333,-1,-1.2922281705741168,1.3217666172466336
2025-01-13,2673.5,-3.333333333333333,-1,0.14961660744343686,3.048438376659801
2025-01-14,2677.5,10.0,3,1.3071895424836555,3.365083012371617
2025-01-15,2712.5,10.0,3,1.2497659850230436,1.8654413882488452
2025-01-16,2746.39990234375,10.0,3,-0.07645840337501264,1.1251146075997642
2025-01-17,2744.300048828125,-3.333333333333333,-1,0.38989727732010593,-0.24778809558483328
2025-01-21,2755.0,10.0,3,0.45735381692377786,0.4283139320553575
2025-01-22,2767.60009765625,-3.333333333333333,-1,-0.16259574509376318,0.05419858169792846
2025-01-23,2763.10009765625,3.333333333333333,1,0.5139137443453512,2.1678513346135686
2025-01-24,2777.300048828125,10.0,3,-1.4330482169155112,1.2674162154977742
2025-01-27,2737.5,10.0,3,1.0703214183789944,3.521457619863022
2025-01-28,2766.800048828125,-3.333333333333333,-1,0.08313028724642457,3.1263553011948497
2025-01-29,2769.10009765625,-3.333333333333333,-1,1.9464772107505413,3.7015635544108916
2025-01-30,2823.0,10.0,3,-0.37194473963868546,1.1689691817215797
2025-01-31,2812.5,-3.333333333333333,-1,0.7608854166666568,1.948446180555563
2025-02-03,2833.89990234375,3.333333333333333,1,0.6845741611526401,2.837084909663923
2025-02-04,2853.300048828125,10.0,3,0.6413643330515084,2.07478884655643
2025-02-05,2871.60009765625,10.0,3,-0.5432545314712378,1.302406361327102
2025-02-06,2856.0,-3.333333333333333,-1,0.39565997297357214,2.4474755722601493
2025-02-07,2867.300048828125,-3.333333333333333,-1,1.6391727129920985,0.5684807502021494
2025-02-10,2914.300048828125,-3.333333333333333,-1,-0.06176607754746488,0.5936262065768361
2025-02-11,2912.5,3.333333333333333,1,-0.1201716738197467,0.23690651824035402
2025-02-12,2909.0,3.333333333333333,1,0.5809522978257098,1.0656583018219257
2025-02-13,2925.89990234375,10.0,3,-1.445702385567471,0.39988364957830314
2025-02-14,2883.60009765625,10.0,3,1.664585877875835,2.2298447256872356
2025-02-18,2931.60009765625,-3.333333333333333,-1,-0.41616164913672593,-0.9244131789296839
2025-02-19,2919.39990234375,3.333333333333333,1,0.7056278120620485,-0.08905438112598585
2025-02-20,2940.0,10.0,3,-0.08162933142006334,-1.9319744499362246
2025-02-21,2937.60009765625,3.333333333333333,1,0.3506197012900891,-3.4313740971260165
2025-02-24,2947.89990234375,10.0,3,-1.4722312080286182,-1.9573239622553085
2025-02-25,2904.5,10.0,3,0.4234824867662246,0.17559296458082851
2025-02-26,2916.800048828125,3.333333333333333,1,-1.1519506683274172,-0.051426219654737704
2025-02-27,2883.199951171875,-3.333333333333333,-1,-1.6093196146486743,1.158440172378583
2025-02-28,2836.800048828125,3.333333333333333,1,1.8823992323959926,2.393538535498796
2025-03-03,2890.199951171875,10.0,3,0.6712389043017186,0.027681435251580844
2025-03-04,2909.60009765625,3.333333333333333,1,0.19590153218878026,0.11341093541199498
2025-03-05,2915.300048828125,-3.333333333333333,-1,0.04459399740508463,0.8163841947483874
2025-03-06,2916.60009765625,3.333333333333333,1,-0.40801433470216697,2.321194161183704
2025-03-07,2904.699951171875,3.333333333333333,1,-0.47164772273114997,3.0915430281153844
2025-03-10,2891.0,3.333333333333333,1,0.7575199703822255,3.7703216879972246
2025-03-11,2912.89990234375,3.333333333333333,1,0.8994540214519287,4.195138844770341
2025-03-12,2939.10009765625,-3.333333333333333,-1,1.5378840349098422,3.2935184740625845
2025-03-13,2984.300048828125,3.333333333333333,1,0.3417870524071498,1.8664326730064351
2025-03-14,2994.5,3.333333333333333,1,0.18367006177992806,0.7914493628944808
2025-03-17,3000.0,10.0,3,1.1700032552083295,0.4366699218750103
2025-03-18,3035.10009765625,10.0,3,0.026351838877336498,-0.37561023088426015
2025-03-19,3035.89990234375,3.333333333333333,1,0.13505378267197887,-0.4940874364276593
2025-03-20,3040.0,3.333333333333333,1,-0.7171068693462179,0.6644720780222046
2025-03-21,3018.199951171875,-3.333333333333333,-1,-0.16897003505831343,2.2629398294704117
2025-03-24,3013.10009765625,-3.333333333333333,-1,0.3517922794489925,3.64076690506252
2025-03-25,3023.699951171875,10.0,3,-0.0926033956193284,3.148458931415443
2025-03-26,3020.89990234375,-3.333333333333333,-1,1.3009384653107636,3.9392235375847573
2025-03-27,3060.199951171875,3.333333333333333,1,0.8594225621777918,1.2025373967486264
2025-03-28,3086.5,10.0,3,1.1760910036651584,-2.4137372428316817
2025-03-31,3122.800048828125,3.333333333333333,1,-0.12489260994595908,-5.491866187985927
2025-04-01,3118.89990234375,3.333333333333333,1,0.6733143306144385,-4.825419369403427
2025-04-02,3139.89990234375,3.333333333333333,1,-1.3662824828182485,-2.6561325181575612
2025-04-03,3097.0,10.0,3,-2.744591540200192,1.879236395604611
2025-04-04,3012.0,3.333333333333333,1,-2.0152706232362205,6.978750038906867
2025-04-07,2951.300048828125,-3.333333333333333,-1,0.579400712659317,8.589435022056048
2025-04-08,2968.39990234375,3.333333333333333,1,2.9679322380616213,8.432153923414987
2025-04-09,3056.5,3.333333333333333,1,3.22918210933667,8.836908151684941
2025-04-10,3155.199951171875,10.0,3,2.123478734687345,4.864984862306065
2025-04-11,3222.199951171875,3.333333333333333,1,-0.5400007016144959,5.710384296079507
2025-04-14,3204.800048828125,10.0,3,0.4337213595847489,6.115826167428762
2025-04-15,3218.699951171875,3.333333333333333,1,3.352289685936416,1.7895454229984509
2025-04-16,3326.60009765625,10.0,3,-0.5380913232397977,0.16232496198007595
2025-04-17,3308.699951171875,-3.333333333333333,-1,2.9467767231497577,-0.794875607224832
2025-04-21,3406.199951171875,3.333333333333333,1,-0.15853157246075167,-2.163700083035913
2025-04-22,3400.800048828125,3.333333333333333,1,-3.660903264303972,-2.4111973307062273
2025-04-23,3276.300048828125,3.333333333333333,1,1.7000869988021305,0.8759866539739036
2025-04-24,3332.0,10.0,3,-1.4885983690351101,-3.6614645858343287
2025-04-25,3282.39990234375,3.333333333333333,1,1.5263252238240987,-1.5385084542544947
2025-04-28,3332.5,10.0,3,-0.41110131048387455,-0.6361575745498893
2025-04-29,3318.800048828125,3.333333333333333,1,-0.4158144095784855,2.7901606650970745
2025-04-30,3305.0,-3.333333333333333,-1,-2.874432677760963,2.311646061838135
2025-05-01,3210.0,-3.333333333333333,-1,0.6822399484034181,2.697822356892532
2025-05-02,3231.89990234375,3.333333333333333,1,2.456763788593652,3.2024506676380238
2025-05-05,3311.300048828125,3.333333333333333,1,3.022977442079,-2.757226692894721
2025-05-06,3411.39990234375,10.0,3,-0.8794043752944014,-5.015531993129086
2025-05-07,3381.39990234375,3.333333333333333,1,-2.507831286938955,-5.914710054299521
2025-05-08,3296.60009765625,-3.333333333333333,-1,1.1769642522029056,-2.302376516288307
2025-05-09,3335.39990234375,3.333333333333333,1,-3.4598520633960517,-4.599145734697585
2025-05-12,3220.0,-3.333333333333333,-1,0.6304362990100953,0.27639448272516187
2025-05-13,3240.300048828125,3.333333333333333,1,-1.817737419276233,1.234453581373307
2025-05-14,3181.39990234375,-3.333333333333333,-1,1.2353067842610033,4.020247388269249
2025-05-15,3220.699951171875,10.0,3,-1.201600638326883,2.2231222635377135
2025-05-16,3182.0,3.333333333333333,1,1.473912707220304,5.707105520309552
2025-05-19,3228.89990234375,3.333333333333333,1,1.5918779782261305,2.174121138333951
2025-05-20,3280.300048828125,3.333333333333333,1,0.8840654686561367,0.40545220346157596
2025-05-21,3309.300048828125,3.333333333333333,1,-0.5137037968503289,0.23570086462505468
2025-05-22,3292.300048828125,3.333333333333333,1,2.1656607165408293,-0.10327571709587424
2025-05-23,3363.60009765625,10.0,3,-1.91758824257805,0.20811035190768656
2025-05-27,3299.10009765625,3.333333333333333,1,-0.16671212867737095,1.5489027917621412
2025-05-28,3293.60009765625,-3.333333333333333,-1,0.7135049581982633,2.425913892843501
2025-05-29,3317.10009765625,10.0,3,-0.8501460457109866,1.012928537772062
2025-05-30,3288.89990234375,3.333333333333333,1,2.4841192416430236,1.027700745894955
2025-06-02,3370.60009765625,3.333333333333333,1,-0.6052378179944973,-1.14222983695903
2025-06-03,3350.199951171875,3.333333333333333,1,0.6954823344193173,-0.8745761224752013
2025-06-04,3373.5,10.0,3,-0.67585738337409,-1.5473529323217772
2025-06-05,3350.699951171875,3.333333333333333,1,-0.8356462950437349,0.901302760974243
2025-06-06,3322.699951171875,-3.333333333333333,-1,0.2829068715957783,3.2654167271930046
2025-06-09,3332.10009765625,10.0,3,-0.3361302177079861,1.9297080760787289
2025-06-10,3320.89990234375,3.333333333333333,1,0.01204933891842952,1.9783852944839309
2025-06-11,3321.300048828125,10.0,3,1.7944736289831509,2.0624453976739954
2025-06-12,3380.89990234375,10.0,3,1.4877710160320134,-0.37859164888693897
2025-06-13,3431.199951171875,-3.333333333333333,-1,-1.0142238669664128,-1.559221285886525
2025-06-16,3396.39990234375,3.333333333333333,1,-0.2885350656363417,-2.3259922939429023
2025-06-17,3386.60009765625,3.333333333333333,1,0.09448860448830754,-1.7569242982417022
2025-06-18,3389.800048828125,-3.333333333333333,-1,-0.6401543117381503,-1.6608663643033594
2025-06-20,3368.10009765625,10.0,3,0.285022809218316,-2.802771406647475
2025-06-23,3377.699951171875,10.0,3,-1.7852399472962133,-2.466176689235655
2025-06-24,3317.39990234375,10.0,3,0.29240355694371,0.5817824017686046
2025-06-25,3327.10009765625,3.333333333333333,1,0.19235677184039623,0.6281717330498315
2025-06-26,3333.5,10.0,3,-1.7939117692552853,-0.056994220601469525
2025-06-27,3273.699951171875,-10.0,-3,0.6323105807074736,1.7961343343966707
2025-06-30,3294.39990234375,10.0,3,1.2839986061810915,1.1474031674549412
2025-07-01,3336.699951171875,3.333333333333333,1,0.338659423786547,-0.8900995476516904
2025-07-02,3348.0,3.333333333333333,1,-0.48984176653972256,-1.087213331653225
2025-07-03,3331.60009765625,-3.333333333333333,-1,0.027011115301123212,-0.42622748518016396
2025-07-04,3332.5,-3.333333333333333,-1,-0.009003715772692988,0.7051762940735173
2025-07-07,3332.199951171875,-3.333333333333333,-1,-0.7562556731630865,0.5791984007843753
2025-07-08,3307.0,-3.333333333333333,-1,0.13910183417751298,0.6894481048722367
2025-07-09,3311.60009765625,10.0,3,0.17513602235985637,1.235049557242629
2025-07-10,3317.39990234375,-3.333333333333333,-1,1.1635648035372315,0.6842767221540758
2025-07-11,3356.0,-3.333333333333333,-1,-0.1340882002383803,-0.08939213349224984
2025-07-14,3351.5,-3.333333333333333,-1,-0.6474698246121124,1.5038013529389715
2025-07-15,3329.800048828125,-3.333333333333333,-1,0.6817211495886655,3.2854796305937795
2025-07-16,3352.5,10.0,3,-0.3698703159955241,1.2408679390380373
2025-07-17,3340.10009765625,-3.333333333333333,-1,0.3862130465132507,0.925119051534784
2025-07-18,3353.0,10.0,3,1.4583925542424714,-0.5666567253206134
2025-07-21,3401.89990234375,10.0,3,1.0964475704422494,-2.7278816940958572
2025-07-22,3439.199951171875,10.0,3,-1.3113472364483347,-3.3670635750232325
2025-07-23,3394.10009765625,3.333333333333333,1,-0.6805956510299027,-2.896203588574331
2025-07-24,3371.0,-3.333333333333333,-1,-1.097597152180363,-2.3079219468444045
2025-07-25,3334.0,3.333333333333333,1,-0.7468477007723462,0.4109163518858816
2025-07-28,3309.10009765625,-10.0,-3,0.432135754902907,1.9733402665501165
2025-07-29,3323.39990234375,3.333333333333333,1,-0.8304704316853595,1.7602455834082598
2025-07-30,3295.800048828125,-10.0,-3,-0.0788912439386169,2.5547651533597726
2025-07-31,3293.199951171875,-3.333333333333333,-1,1.654925325156964,3.252158971341501
2025-08-01,3347.699951171875,10.0,3,0.7975610586763882,2.730237112569789
2025-08-04,3374.39990234375,3.333333333333333,1,0.22226174185195902,-0.6312175587933622
2025-08-05,3381.89990234375,3.333333333333333,1,-0.05617855047789222,-0.9757828721403072
2025-08-06,3380.0,3.333333333333333,1,0.6005931605954196,-0.6301789594119866
2025-08-07,3400.300048828125,-3.333333333333333,-1,1.1410772070393316,-1.9145397971183753
2025-08-08,3439.10009765625,3.333333333333333,1,-2.5006541699268636,-2.997880106092665
2025-08-11,3353.10009765625,3.333333333333333,1,-0.12526304584333792,-0.6382197328178019
2025-08-12,3348.89990234375,3.333333333333333,1,0.2926348685807545,-1.0600495994268155
2025-08-13,3358.699951171875,10.0,3,-0.6996754798475169,-0.4555348512982449
2025-08-14,3335.199951171875,-10.0,-3,0.023988031897270723,0.05096999270697289
2025-08-15,3336.0,3.333333333333333,1,-0.12889834616681695,1.1510762093450255
2025-08-18,3331.699951171875,-10.0,-3,-0.549270615491293,1.2636221230378775
2025-08-19,3313.39990234375,-3.333333333333333,-1,0.9054144046657164,2.269578002320416
2025-08-20,3343.39990234375,10.0,3,-0.19441287880170854,1.8304778698353674
2025-08-21,3336.89990234375,-3.333333333333333,-1,1.1237975695243652,2.843961439110587
2025-08-22,3374.39990234375,10.0,3,-0.017776598298513413,2.9427469091364733
2025-08-25,3373.800048828125,-3.333333333333333,-1,0.43867593259612203,5.204809146191658
2025-08-26,3388.60009765625,10.0,3,0.4721713846100206,6.037887257842489
2025-08-27,3404.60009765625,3.333333333333333,1,0.7989176523433672,4.73476903448502
2025-08-28,3431.800048828125,10.0,3,1.2209307578411543,5.285852898268173
2025-08-29,3473.699951171875,3.333333333333333,1,2.179231143620708,4.73271004390905
2025-09-02,3549.39990234375,-3.333333333333333,-1,1.2340127918300414,2.6455217520677365
2025-09-03,3593.199951171875,10.0,3,-0.7625487786955487,1.4026535447307253
2025-09-04,3565.800048828125,3.333333333333333,1,1.329292211977151,1.9939383179657488
2025-09-05,3613.199951171875,10.0,3,0.6891438841157616,1.0018806504227484
2025-09-08,3638.10009765625,10.0,3,0.14293040412012292,1.2121671293221281
2025-09-09,3643.300048828125,-3.333333333333333,-1,0.008235633192543723,1.2516085116374809
2025-09-10,3643.60009765625,10.0,3,-0.1838894261971813,1.048412288616607
2025-09-11,3636.89990234375,10.0,3,0.343699313581447,0.1869737691637452
2025-09-12,3649.39990234375,-3.333333333333333,-1,0.8987792433232666,0.605581691446222
2025-09-15,3682.199951171875,10.0,3,0.18195511543968035,1.588724153379606
2025-09-16,3688.89990234375,10.0,3,-0.19246533393638687,2.485841246444176
2025-09-17,3681.800048828125,-3.333333333333333,-1,-1.0348225637178965,1.3661808941562326
2025-09-18,3643.699951171875,-3.333333333333333,-1,0.7629620770278844,2.5578382528973043
2025-09-19,3671.5,-3.333333333333333,-1,1.884786903768898,2.8271836804609762
2025-09-22,3740.699951171875,3.333333333333333,1,1.0666492101799152,2.1439824690229425
2025-09-23,3780.60009765625,10.0,3,-1.2828651205417652,1.592338507561153
2025-09-24,3732.10009765625,-3.333333333333333,-1,0.12860868041868478,3.6279815332064924
2025-09-25,3736.89990234375,-3.333333333333333,-1,1.0275936601965352,2.75094467378294
2025-09-26,3775.300048828125,3.333333333333333,1,1.2078471360118748,2.7944798727387976
2025-09-29,3820.89990234375,10.0,3,0.5208235492420998,3.33952997768876
2025-09-30,3840.800048828125,3.333333333333333,1,0.6951663932628138,3.5357229509919152
2025-10-01,3867.5,10.0,3,-0.7188118636877849,4.545573337508091
2025-10-02,3839.699951171875,3.333333333333333,1,1.0703986816393396,2.7762611405017568
2025-10-03,3880.800048828125,3.333333333333333,1,1.744484392910639,2.450521859386745
2025-10-06,3948.5,-3.333333333333333,-1,0.7116651299544197,4.054706791344809
2025-10-07,3976.60009765625,3.333333333333333,1,1.6773110077421993,4.0763489834391375
2025-10-08,4043.300048828125,-3.333333333333333,-1,-2.399030465921359,3.304228029140366
2025-10-09,3946.300048828125,-3.333333333333333,-1,0.7500659643053353,8.461093742315118
2025-10-10,3975.89990234375,10.0,3,3.3376140891845596,5.382429267745126
2025-10-13,4108.60009765625,-3.333333333333333,-1,0.7326120075161535,5.5444628163604515
2025-10-14,4138.7001953125,10.0,3,0.9229880210824382,-1.2322768437875276
2025-10-15,4176.89990234375,3.333333333333333,1,2.4731330743833713,-3.172209128728498
2025-10-16,4280.2001953125,10.0,3,-2.1097212477968474,-3.614321486222105
2025-10-17,4189.89990234375,-3.333333333333333,-1,3.4965035779983777,-1.7064846814121792
2025-10-20,4336.39990234375,3.333333333333333,1,-5.735171035251085,-7.713771965985162
2025-10-21,4087.699951171875,3.333333333333333,1,-1.0592765943036375,-2.9723316645383413
2025-10-22,4044.39990234375,10.0,3,2.005244278866991,-1.5008394975160377
2025-10-23,4125.5,-3.333333333333333,-1,-0.1721027186098678,-3.0105429928948046
2025-10-24,4118.39990234375,-3.333333333333333,-1,-2.8287685208447266,-3.307108449919216
2025-10-27,4001.89990234375,3.333333333333333,1,-0.8920750654199727,-0.039977349625563985
2025-10-28,3966.199951171875,10.0,3,0.44122838524138785,-0.46644143582660336
2025-10-29,3983.699951171875,-3.333333333333333,-1,0.441802793181556,-0.0853453419038197
2025-10-30,4001.300048828125,-3.333333333333333,-1,-0.47734729770749773,-0.534829835884032
2025-10-31,3982.199951171875,-3.333333333333333,-1,0.4545250835765735,0.4319208322729695
2025-11-03,4000.300048828125,-3.333333333333333,-1,-1.3149038075696118,2.7872848160986896
2025-11-04,3947.699951171875,3.333333333333333,1,0.8257997836581543,4.030191136193029
2025-11-05,3980.300048828125,3.333333333333333,1,-0.010053173867952125,5.630225127917288
2025-11-06,3979.89990234375,10.0,3,0.48996207137059766,5.201135834549464
2025-11-07,3999.39990234375,3.333333333333333,1,2.810419190086022,2.205335737014247
2025-11-10,4111.7998046875,-3.333333333333333,-1,-0.12160125097286922,-1.0579249459028772
2025-11-11,4106.7998046875,3.333333333333333,1,2.3765487069725033,-1.107912681973
2025-11-12,4204.39990234375,3.333333333333333,1,-0.4162306252134762,-3.0135085651877613
2025-11-13,4186.89990234375,3.333333333333333,1,-2.371678497303309,-3.11447384425777
2025-11-14,4087.60009765625,-3.333333333333333,-1,-0.4721608857772397,-0.26666372012822404
2025-11-17,4068.300048828125,3.333333333333333,1,-0.17206203859069236,0.5800912723343155
2025-11-18,4061.300048828125,10.0,3,0.40380917801141614,1.918108624031678
2025-11-19,4077.699951171875,-3.333333333333333,-1,-0.5198997333235034,2.1458235080655808
2025-11-20,4056.5,10.0,3,0.49796502334216175,3.9886553602243247
2025-11-21,4076.699951171875,3.333333333333333,1,0.3728493966671742,3.988516581135304
2025-11-24,4091.89990234375,10.0,3,1.155949414638835,2.31433313552607
2025-11-25,4139.2001953125,10.0,3,0.6281406738781081,1.4519618897163022
2025-11-26,4165.2001953125,10.0,3,1.2748393086785548,1.1187843846603762
2025-11-28,4218.2998046875,3.333333333333333,1,0.4978309027884764,-0.1280113456551768
2025-12-01,4239.2998046875,3.333333333333333,1,-1.2431229084807538,-1.2289673242121713
2025-12-02,4186.60009765625,10.0,3,0.3033417745907929,0.48010550774846283
2025-12-03,4199.2998046875,10.0,3,0.2976686729070144,-0.06905680657791624
2025-12-04,4211.7998046875,-3.333333333333333,-1,0.02611941942316509,1.749850390098695
2025-12-05,4212.89990234375,-3.333333333333333,-1,-0.6100241550233032,2.0698378156098096
2025-12-08,4187.2001953125,-3.333333333333333,-1,0.4657049840088856,2.8539356712339314
2025-12-09,4206.7001953125,-3.333333333333333,-1,-0.2448544581386547,2.3248579681641512
2025-12-10,4196.39990234375,10.0,3,2.1232508752677903,3.6007077774417695
2025-12-11,4285.5,10.0,3,0.34068597961147695,1.260063003150158
2025-12-12,4300.10009765625,-3.333333333333333,-1,0.1534870702160518,1.425543668644158
2025-12-15,4306.7001953125,10.0,3,-0.051087728718490766,3.201985187959977
2025-12-16,4304.5,3.333333333333333,1,0.9989545824137469,4.14217225432687
2025-12-17,4347.5,-3.333333333333333,-1,-0.1840138010350767,3.061531860983324
2025-12-18,4339.5,3.333333333333333,1,0.5046641858220902,4.369169205121559
2025-12-19,4361.39990234375,-3.333333333333333,-1,1.9076488553088078,-0.8322970949761532
2025-12-22,4444.60009765625,3.333333333333333,1,0.8594633081026481,-1.6761912964742498
2025-12-23,4482.7998046875,3.333333333333333,1,-0.0490699368048908,-3.50673047827994
2025-12-24,4480.60009765625,3.333333333333333,1,1.0824442919012078,-3.709328922244981
2025-12-26,4529.10009765625,-3.333333333333333,-1,-4.504206036549451,-2.035728805380399
2025-12-29,4325.10009765625,3.333333333333333,1,1.0404383478751278,3.632288134588646
2025-12-30,4370.10009765625,-3.333333333333333,-1,-1.0182833117224455,1.8123087632186285
2025-12-31,4325.60009765625,-3.333333333333333,-1,-0.2589281269567367,2.868968347848222
2026-01-02,4314.39990234375,-3.333333333333333,-1,2.8393288237711367,4.077042145495002
2026-01-05,4436.89990234375,10.0,3,1.0209897443217208,3.7729023874377488
2026-01-06,4482.2001953125,-3.333333333333333,-1,-0.734023229471259,2.3872204573080147
2026-01-07,4449.2998046875,3.333333333333333,1,0.008998958096251286,3.978154041530857
2026-01-08,4449.7001953125,-3.333333333333333,-1,0.9124122433634918,3.744063691088728
2026-01-09,4490.2998046875,3.333333333333333,1,2.538805980861092,2.1847115320416277
2026-01-12,4604.2998046875,3.333333333333333,1,-0.32794583357990126,3.3729405024981896
2026-01-13,4589.2001953125,3.333333333333333,1,0.808411221913885,5.2863156770279085
2026-01-14,4626.2998046875,3.333333333333333,1,-0.21615546813174014,6.1063919747216255
2026-01-15,4616.2998046875,-3.333333333333333,-1,-0.604378041378939,7.79629586145052
2026-01-16,4588.39990234375,-3.333333333333333,-1,3.731152448701147,10.707442756194684
2026-01-20,4759.60009765625,3.333333333333333,1,1.516928009704066,6.729552864015265
2026-01-21,4831.7998046875,3.333333333333333,1,1.5936090714126827,9.7230910211342
2026-01-22,4908.7998046875,10.0,3,1.3730523408316264,8.344200496119548
2026-01-23,4976.2001953125,10.0,3,2.079900243914934,-5.271096070769676
2026-01-26,5079.7001953125,10.0,3,0.0039314727950712225,-9.000535026346634
2026-01-27,5079.89990234375,3.333333333333333,1,4.364263067668173,-3.4685665154534973
2026-01-28,5301.60009765625,-3.333333333333333,-1,0.31688177867144063,-7.190285730548074
2026-01-29,5318.39990234375,10.0,3,-11.366200569716556,-8.592810025410202
2026-01-30,4713.89990234375,-3.333333333333333,-1,-1.9389444883695095,5.03405455959649
2026-02-02,4622.5,-3.333333333333333,-1,6.083292489183334,9.267710164277986
2026-02-03,4903.7001953125,10.0,3,0.34055318159975645,2.0413076939468366
2026-02-04,4920.39990234375,-3.333333333333333,-1,-1.1990895287168901,3.0729249311723272
2026-02-05,4861.39990234375,3.333333333333333,1,1.8472105725236831,1.2815298930399566
2026-02-06,4951.2001953125,10.0,3,2.0136472592168664,1.429952373053478
2026-02-09,5050.89990234375,10.0,3,-0.9325090294185823,-3.32613996016915
2026-02-10,5003.7998046875,10.0,3,1.3549761304446184,-0.34573334990928295
2026-02-11,5071.60009765625,-3.333333333333333,-1,-2.9162374693560533,-1.8869822831008687
2026-02-12,4923.7001953125,3.333333333333333,1,1.9964620262842958,2.754018400716074
2026-02-13,5022.0,10.0,3,-2.7698147681451624,3.6379967206790154
2026-02-17,4882.89990234375,3.333333333333333,1,2.1216920217128177,5.588889958869747
2026-02-18,4986.5,-3.333333333333333,-1,-0.21257590807680637,4.409904789807473
2026-02-19,4975.89990234375,3.333333333333333,1,1.6760767696405443,4.031433541534124
2026-02-20,5059.2998046875,3.333333333333333,1,2.8739231956620648,3.383871324523624
2026-02-23,5204.7001953125,10.0,3,-0.9395428898871239,1.723436579729154
2026-02-24,5155.7998046875,-3.333333333333333,-1,0.9814209157276821,-0.9387467352736656
2026-02-25,5206.39990234375,3.333333333333333,1,-0.5742913127032345,-1.6556489829458898
2026-02-26,5176.5,3.333333333333333,1,1.0431758910460776,-2.1481733857335983
2026-02-27,5230.5,10.0,3,1.2216786606203955,-1.6136105982936577
2026-03-02,5294.39990234375,-3.333333333333333,-1,-3.532033912232768,-3.8323493896622596
2026-03-03,5107.39990234375,-3.333333333333333,-1,0.2506224931178025,2.394570531135165
2026-03-04,5120.2001953125,3.333333333333333,1,-1.0722313294558417,0.9218332336782709
2026-03-05,5065.2998046875,-3.333333333333333,-1,1.5951729627923683,0.9969794868462944
2026-03-06,5146.10009765625,10.0,3,-1.0609995262454652,-1.8188549752244265
2026-03-09,5091.5,-3.333333333333333,-1,2.714331637287626,-1.9149562997152092
2026-03-10,5229.7001953125,3.333333333333333,1,-1.1912784794927855,-4.373103366756837
2026-03-11,5167.39990234375,-3.333333333333333,-1,-0.9985698539191068,-5.370205620705604
2026-03-12,5115.7998046875,-3.333333333333333,-1,-1.2373393624492413,-10.068799191536481
2026-03-13,5052.5,-3.333333333333333,-1,-1.1578426521523966,-9.541812917491344
2026-03-16,4994.0,10.0,3,0.1401682018422168,-11.812172654059871
2026-03-17,5001.0,10.0,3,-2.221557641596683,-12.031597586732657
2026-03-18,4889.89990234375,-10.0,-3,-5.9142255016843,-6.955154593108103
2026-03-19,4600.7001953125,-3.333333333333333,-1,-0.6586017710874081,-4.894911334191021
2026-03-20,4570.39990234375,-10.0,-3,-3.6386269963426976,-1.715383861782982
2026-03-23,4404.10009765625,3.333333333333333,1,-0.10899600059736114,2.7678731100735376
2026-03-24,4399.2998046875,-10.0,-3,3.420998947142473,5.644086649975155
2026-03-25,4549.7998046875,-3.333333333333333,-1,-3.830933495313904,5.129904625353743
2026-03-26,4375.5,-10.0,-3,2.6625528511027285,6.307850531367842
2026-03-27,4492.0,-10.0,-3,0.756901157613532,3.6687400865427433
2026-03-30,4526.0,-3.333333333333333,-1,2.6867012297006276,2.896599594702831
2026-03-31,4647.60009765625,3.333333333333333,1,2.9176369482527553,2.1925273302911163
2026-04-01,4783.2001953125,-3.333333333333333,-1,-2.753390824861668,0.18815854725922065
2026-04-02,4651.5,-3.333333333333333,-1,0.11393754030957215,2.3734258270181607
2026-04-06,4656.7998046875,-3.333333333333333,-1,0.00644848353685834,1.8381743095351677
2026-04-07,4657.10009765625,-3.333333333333333,-1,1.9840651995058467,3.6052457285220996
2026-04-08,4749.5,3.333333333333333,1,0.8990461166964892,1.0632698178755673
2026-04-09,4792.2001953125,3.333333333333333,1,-0.6322835385380698,-0.14190335736394832
2026-04-10,4761.89990234375,-3.333333333333333,-1,-0.40950041789837854,2.009706152483326
2026-04-13,4742.39990234375,3.333333333333333,1,1.7417362381318302,1.3537490855794587
2026-04-14,4825.0,10.0,3,-0.5181347150259086,-2.623836220854925
2026-04-15,4800.0,3.333333333333333,1,-0.30416870117186967,-1.4062499999999978
2026-04-16,4785.39990234375,-3.333333333333333,-1,1.5087599111024863,-1.6780165989507267
2026-04-17,4857.60009765625,10.0,3,-1.0499011646637357,-2.7853320621026634
2026-04-20,4806.60009765625,3.333333333333333,1,-2.2510754611198003,-2.729584168578425
2026-04-21,4698.39990234375,-10.0,-3,0.7257810821773569,-2.275240604581663
2026-04-22,4732.5,-10.0,-3,-0.5789731081616512,-3.9577349115161087
2026-04-23,4705.10009765625,-10.0,-3,0.36555454027040746,-1.921317303935377
2026-04-24,4722.2998046875,3.333333333333333,1,-0.9931580857529543,-1.9566716677334006
2026-04-27,4675.39990234375,-3.333333333333333,-1,-1.794496815164226,-3.3344720366186964
2026-04-28,4591.5,-10.0,-3,-1.0083808055646348,-0.7775279388544054
2026-04-29,4545.2001953125,-10.0,-3,1.529085563088639,3.0075618489198597
2026-04-30,4614.7001953125,3.333333333333333,1,0.3293758291533111,1.8440983330063832
2026-05-01,4629.89990234375,-3.333333333333333,-1,-2.384498686199743,1.9546858875758133
2026-05-04,4519.5,-10.0,-3,0.8031818716119021,4.407571530313081
2026-05-05,4555.7998046875,-3.333333333333333,-1,2.7679025212324904,2.673521624971942
2026-05-06,4681.89990234375,3.333333333333333,1,0.38232133785665035,0.3374760951390776
2026-05-07,4699.7998046875,-10.0,-3,0.43831862020387025,-0.46171556093957955
2026-05-08,4720.39990234375,3.333333333333333,1,-0.03600769143322635,-3.486994768695839
2026-05-11,4718.7001953125,-10.0,-3,-0.8710046401565918,-3.5221605194922345
2026-05-12,4677.60009765625,-10.0,-3,0.42970962110080446,-3.6621406146836177
2026-05-13,4697.7001953125,-10.0,-3,-0.41722751221560106,-3.5421670968070473
