entry_time,exit_time,dir,session,level,entry_px,exit_px,sl_dist%,tp1_hit,total_usd,equity,exit,bars,month
2025-01-08 16:30,2025-01-08 17:00,SHORT,NY_prime,RoundNum,2649.53,2650.98,0.0548,False,-54.92,9945.08,SL,2,2025-01
2025-01-09 14:30,2025-01-09 15:00,LONG,NY_open,VWAP,2661.57,2659.36,0.083,False,-68.62,9876.46,SL,2,2025-01
2025-01-10 16:30,2025-01-10 18:00,LONG,NY_prime,PrevHigh,2675.45,2676.19,0.1059,False,-13.5,9862.96,TIME,6,2025-01
2025-01-13 14:45,2025-01-13 16:15,LONG,NY_open,VWAP,2688.11,2685.43,0.1248,False,-76.29,9786.67,TIME,6,2025-01
2025-01-15 14:30,2025-01-15 16:00,LONG,NY_open,PrevHigh,2675.62,2675.22,0.0677,False,-34.23,9752.44,TIME,6,2025-01
2025-01-15 16:30,2025-01-15 20:00,LONG,NY_prime,SwingH,2677.42,2684.0,0.0982,True,64.31,9816.74,TP2,14,2025-01
2025-01-17 15:00,2025-01-17 16:15,LONG,NY_open,VWAP,2716.46,2714.24,0.0818,False,-67.14,9749.6,SL,5,2025-01
2025-01-20 14:30,2025-01-20 16:00,LONG,NY_open,SwingH,2703.59,2705.33,0.1321,False,4.56,9754.17,TIME,6,2025-01
2025-01-20 16:30,2025-01-20 18:15,LONG,NY_prime,SwingH,2707.09,2707.09,0.0823,True,9.27,9763.44,SL,7,2025-01
2025-01-22 14:30,2025-01-22 15:30,SHORT,NY_open,SwingH,2749.14,2751.84,0.0981,False,-74.74,9688.7,SL,4,2025-01
2025-01-22 16:30,2025-01-22 17:00,LONG,NY_prime,SwingH,2755.45,2752.46,0.1086,False,-79.24,9609.46,SL,2,2025-01
2025-01-23 14:45,2025-01-23 15:15,LONG,NY_open,RoundNum,2750.09,2752.47,0.0346,True,5.16,9614.62,TP2,2,2025-01
2025-01-27 16:30,2025-01-27 18:00,SHORT,NY_prime,SwingL,2753.87,2753.12,0.1226,False,-13.35,9601.28,TIME,6,2025-01
2025-01-28 16:30,2025-01-28 18:00,SHORT,NY_prime,VWAP,2742.06,2741.2,0.067,False,-11.35,9589.93,TIME,6,2025-01
2025-01-29 15:00,2025-01-29 15:15,SHORT,NY_open,SwingL,2761.72,2763.37,0.0596,False,-54.97,9534.96,SL,1,2025-01
2025-01-29 15:15,2025-01-29 16:30,LONG,NY_open,PrevHigh,2763.66,2761.16,0.0905,False,-69.35,9465.62,SL,5,2025-01
2025-01-29 16:30,2025-01-29 18:00,SHORT,NY_prime,VWAP,2760.29,2759.89,0.0943,False,-19.17,9446.45,TIME,6,2025-01
2025-01-30 15:00,2025-01-30 15:30,LONG,NY_open,SwingH,2762.98,2761.2,0.0645,False,-56.44,9390.01,SL,2,2025-01
2025-02-03 14:30,2025-02-03 15:00,SHORT,NY_open,SwingL,2773.86,2777.95,0.1474,False,-95.01,9295.0,SL,2,2025-02
2025-02-03 16:30,2025-02-03 17:15,SHORT,NY_prime,VWAP,2783.48,2786.31,0.1015,False,-72.73,9222.27,SL,3,2025-02
2025-02-04 14:45,2025-02-04 16:15,LONG,NY_open,SwingH,2821.5,2816.83,0.1765,False,-101.68,9120.59,TIME,6,2025-02
2025-02-05 14:30,2025-02-05 15:00,SHORT,NY_open,SwingH,2853.1,2855.73,0.0922,False,-67.13,9053.45,SL,2,2025-02
2025-02-05 15:00,2025-02-05 16:30,LONG,NY_open,SwingH,2857.76,2858.44,0.2461,False,-14.13,9039.33,TIME,6,2025-02
2025-02-05 16:30,2025-02-05 18:00,LONG,NY_prime,SwingH,2858.44,2856.96,0.1301,False,-48.26,8991.07,TIME,6,2025-02
2025-02-06 14:45,2025-02-06 16:15,LONG,NY_open,VWAP,2869.41,2868.77,0.151,False,-34.75,8956.32,TIME,6,2025-02
2025-02-06 16:30,2025-02-06 18:00,SHORT,NY_prime,VWAP,2867.83,2861.01,0.0951,True,56.37,9012.68,TP2,6,2025-02
2025-02-10 15:00,2025-02-10 16:30,LONG,NY_open,SwingH,2877.32,2878.59,0.1297,False,-4.89,9007.79,TIME,6,2025-02
2025-02-12 14:45,2025-02-12 15:45,LONG,NY_open,PrevLow,2889.1,2885.65,0.1194,False,-78.56,8929.23,SL,4,2025-02
2025-02-12 16:30,2025-02-12 20:45,LONG,NY_prime,PrevLow,2887.31,2887.31,0.1171,True,22.46,8951.69,SL,17,2025-02
2025-02-13 14:45,2025-02-13 16:00,SHORT,NY_open,SwingH,2916.63,2919.1,0.0847,False,-62.52,8889.17,SL,5,2025-02
2025-02-14 14:30,2025-02-14 16:00,SHORT,NY_open,VWAP,2924.27,2928.8,0.1953,False,-93.3,8795.87,TIME,6,2025-02
2025-02-17 14:30,2025-02-17 15:45,LONG,NY_open,SwingH,2903.42,2899.67,0.129,False,-80.92,8714.95,SL,5,2025-02
2025-02-17 16:45,2025-02-17 18:15,SHORT,NY_prime,VWAP,2896.35,2899.85,0.2468,False,-76.62,8638.33,TIME,6,2025-02
2025-02-18 14:30,2025-02-18 16:00,SHORT,NY_open,SwingH,2909.26,2911.79,0.0868,False,-61.27,8577.06,SL,6,2025-02
2025-02-18 16:30,2025-02-18 18:00,SHORT,NY_prime,SwingH,2912.51,2913.69,0.1416,False,-40.96,8536.1,TIME,6,2025-02
2025-02-19 16:30,2025-02-19 18:00,LONG,NY_prime,VWAP,2931.72,2934.27,0.1076,False,13.65,8549.75,TIME,6,2025-02
2025-02-20 16:30,2025-02-20 16:45,SHORT,NY_prime,SwingH,2944.0,2946.22,0.0755,False,-55.8,8493.95,SL,1,2025-02
2025-02-20 16:45,2025-02-20 18:15,LONG,NY_prime,PrevHigh,2946.81,2949.27,0.1231,False,12.09,8506.04,TIME,6,2025-02
2025-02-21 16:30,2025-02-21 18:00,LONG,NY_prime,SwingL,2930.66,2931.88,0.2553,False,-5.69,8500.36,TIME,6,2025-02
2025-02-24 14:30,2025-02-24 16:00,SHORT,NY_open,PrevHigh,2941.29,2940.98,0.1646,False,-18.9,8481.46,TIME,6,2025-02
2025-02-24 16:45,2025-02-24 18:15,SHORT,NY_prime,VWAP,2936.39,2939.96,0.1616,False,-74.88,8406.58,TIME,6,2025-02
2025-02-25 14:30,2025-02-25 18:30,SHORT,NY_open,SwingL,2943.06,2934.71,0.1135,True,67.69,8474.27,TP2,16,2025-02
2025-02-26 15:00,2025-02-26 16:30,SHORT,NY_open,VWAP,2915.77,2916.2,0.1518,False,-29.55,8444.72,TIME,6,2025-02
2025-02-26 16:30,2025-02-26 19:45,SHORT,NY_prime,VWAP,2916.2,2916.2,0.1791,True,44.79,8489.52,SL,13,2025-02
2025-02-27 15:15,2025-02-27 16:15,SHORT,NY_open,SwingL,2903.85,2894.67,0.1265,True,78.84,8568.36,TP2,4,2025-02
2025-02-27 16:30,2025-02-27 18:00,LONG,NY_prime,SwingL,2893.45,2894.34,0.1977,False,-10.38,8557.97,TIME,6,2025-02
2025-02-28 14:30,2025-02-28 16:00,SHORT,NY_open,SwingL,2863.81,2864.05,0.2534,False,-27.12,8530.85,TIME,6,2025-02
2025-03-03 14:30,2025-03-03 16:00,LONG,NY_open,PrevHigh,2864.96,2867.15,0.1481,False,9.14,8540.0,TIME,6,2025-03
2025-03-03 16:45,2025-03-03 18:15,LONG,NY_prime,PrevHigh,2863.97,2861.58,0.1147,False,-59.12,8480.88,TIME,6,2025-03
2025-03-05 14:45,2025-03-05 16:15,SHORT,NY_open,VWAP,2908.85,2912.07,0.2141,False,-70.26,8410.62,TIME,6,2025-03
2025-03-05 16:30,2025-03-05 19:00,LONG,NY_prime,VWAP,2913.38,2920.82,0.1021,True,58.56,8469.18,TP2,10,2025-03
2025-03-06 15:15,2025-03-06 16:45,SHORT,NY_open,VWAP,2917.31,2919.88,0.093,False,-60.59,8408.59,TIME,6,2025-03
2025-03-06 16:45,2025-03-06 18:15,LONG,NY_prime,VWAP,2919.88,2916.15,0.1739,False,-76.83,8331.76,TIME,6,2025-03
2025-03-07 16:30,2025-03-07 17:30,SHORT,NY_prime,VWAP,2910.88,2913.3,0.0831,False,-57.53,8274.22,SL,4,2025-03
2025-03-11 14:30,2025-03-11 16:00,LONG,NY_open,PrevLow,2896.9,2897.83,0.0931,False,-9.47,8264.75,TIME,6,2025-03
2025-03-11 16:45,2025-03-11 19:15,LONG,NY_prime,PrevLow,2895.82,2904.91,0.1256,True,76.02,8340.77,TP2,10,2025-03
2025-03-12 14:45,2025-03-12 16:15,SHORT,NY_open,PrevHigh,2915.02,2913.15,0.1428,False,3.82,8344.59,TIME,6,2025-03
2025-03-12 16:45,2025-03-12 17:15,LONG,NY_prime,PrevHigh,2916.07,2916.07,0.0732,True,4.52,8349.12,SL,2,2025-03
2025-03-14 14:45,2025-03-14 15:45,LONG,NY_open,SwingH,2992.74,2986.95,0.1936,False,-103.79,8245.33,SL,4,2025-03
2025-03-17 15:15,2025-03-17 16:45,SHORT,NY_open,SwingL,2984.19,2986.17,0.08,False,-50.03,8195.3,TIME,6,2025-03
2025-03-19 15:00,2025-03-19 16:00,SHORT,NY_open,PrevHigh,3035.26,3037.13,0.0618,False,-47.84,8147.46,SL,4,2025-03
2025-03-19 16:30,2025-03-19 18:00,LONG,NY_prime,SwingH,3041.45,3039.97,0.1589,False,-42.23,8105.23,TIME,6,2025-03
2025-03-20 14:30,2025-03-20 15:15,SHORT,NY_open,RoundNum,3048.26,3051.39,0.1027,False,-63.89,8041.33,SL,3,2025-03
2025-03-20 15:15,2025-03-20 16:30,LONG,NY_open,SwingH,3053.51,3048.36,0.1685,False,-89.87,7951.46,SL,5,2025-03
2025-03-20 16:45,2025-03-20 18:15,LONG,NY_prime,PrevHigh,3046.99,3046.88,0.0967,False,-23.3,7928.16,TIME,6,2025-03
2025-03-21 15:00,2025-03-21 16:00,LONG,NY_open,SwingL,3031.38,3028.55,0.0932,False,-58.76,7869.4,SL,4,2025-03
2025-03-21 16:45,2025-03-21 18:15,LONG,NY_prime,PrevLow,3028.14,3032.21,0.1551,False,31.24,7900.64,TIME,6,2025-03
2025-03-24 16:30,2025-03-24 17:30,SHORT,NY_prime,VWAP,3021.25,3023.74,0.0823,False,-54.25,7846.39,SL,4,2025-03
2025-03-25 14:30,2025-03-25 16:00,LONG,NY_open,SwingH,3016.12,3018.55,0.0867,False,10.03,7856.42,TIME,6,2025-03
2025-03-26 15:15,2025-03-26 16:30,SHORT,NY_open,SwingL,3015.77,3018.56,0.0924,False,-57.91,7798.52,SL,5,2025-03
2025-03-26 16:45,2025-03-26 18:15,LONG,NY_prime,VWAP,3022.6,3026.42,0.1454,False,27.83,7826.35,TIME,6,2025-03
2025-03-27 14:45,2025-03-27 16:15,LONG,NY_open,SwingH,3033.72,3033.72,0.0725,True,4.0,7830.35,SL,6,2025-03
2025-03-28 16:30,2025-03-28 19:00,LONG,NY_prime,SwingH,3078.06,3078.06,0.0945,True,11.73,7842.08,SL,10,2025-03
2025-03-31 16:45,2025-03-31 18:15,LONG,NY_prime,SwingH,3116.8,3122.24,0.2119,False,46.87,7888.95,TIME,6,2025-03
2025-04-01 14:30,2025-04-01 16:00,SHORT,NY_open,SwingH,3144.26,3142.77,0.0963,False,-3.0,7885.95,TIME,6,2025-04
2025-04-01 16:30,2025-04-01 17:00,SHORT,NY_prime,SwingH,3145.49,3134.32,0.142,True,84.92,7970.87,TP2,2,2025-04
2025-04-02 16:30,2025-04-02 18:00,LONG,NY_prime,SwingL,3116.44,3113.83,0.2435,False,-55.3,7915.57,TIME,6,2025-04
2025-04-03 16:45,2025-04-03 17:15,LONG,NY_prime,VWAP,3131.54,3122.76,0.2804,False,-132.75,7782.83,SL,2,2025-04
2025-04-04 15:15,2025-04-04 15:30,SHORT,NY_open,RoundNum,3098.98,3103.61,0.1495,False,-79.58,7703.25,SL,1,2025-04
2025-04-04 16:45,2025-04-04 18:00,LONG,NY_prime,VWAP,3108.88,3100.79,0.2601,False,-121.36,7581.89,SL,5,2025-04
2025-04-07 09:00,2025-04-07 10:45,SHORT,London,VWAP,3009.32,2979.52,0.3961,True,266.74,7848.63,TP2,7,2025-04
2025-04-07 16:30,2025-04-07 17:00,LONG,NY_prime,VWAP,3027.83,3015.74,0.3992,False,-178.23,7670.4,SL,2,2025-04
2025-04-08 09:15,2025-04-08 10:15,SHORT,London,VWAP,2982.05,2987.43,0.1804,False,-90.29,7580.12,SL,4,2025-04
2025-04-08 14:45,2025-04-08 16:15,LONG,NY_open,RoundNum,3002.37,3011.99,0.312,False,100.59,7680.71,TIME,6,2025-04
2025-04-08 16:30,2025-04-08 17:30,LONG,NY_prime,SwingH,3013.78,3009.14,0.154,False,-80.27,7600.44,SL,4,2025-04
2025-04-09 09:00,2025-04-09 11:15,SHORT,London,VWAP,2984.98,2984.98,0.2448,True,62.74,7663.18,SL,9,2025-04
2025-04-09 14:45,2025-04-09 16:30,LONG,NY_open,SwingH,3012.46,3027.38,0.1981,True,123.67,7786.85,TP2,7,2025-04
2025-04-09 16:30,2025-04-09 16:45,SHORT,NY_prime,SwingH,3030.39,3037.72,0.242,False,-115.63,7671.22,SL,1,2025-04
2025-04-09 16:45,2025-04-09 18:15,LONG,NY_prime,PrevHigh,3039.01,3045.62,0.3848,False,62.33,7733.55,TIME,6,2025-04
2025-04-11 09:00,2025-04-11 10:15,SHORT,London,SwingH,3183.76,3192.37,0.2705,False,-125.87,7607.68,SL,5,2025-04
2025-04-11 16:45,2025-04-11 17:00,SHORT,NY_prime,RoundNum,3196.81,3210.24,0.42,False,-172.08,7435.6,SL,1,2025-04
2025-04-14 09:15,2025-04-14 09:45,SHORT,London,PrevLow,3218.77,3223.78,0.1557,False,-78.32,7357.28,SL,2,2025-04
2025-04-14 09:45,2025-04-14 11:15,LONG,London,VWAP,3223.93,3228.97,0.2218,False,37.28,7394.55,TIME,6,2025-04
2025-04-14 14:45,2025-04-14 15:45,SHORT,NY_open,VWAP,3227.46,3231.94,0.1388,False,-71.65,7322.9,SL,4,2025-04
2025-04-17 15:00,2025-04-17 16:30,SHORT,NY_open,VWAP,3336.86,3329.01,0.381,False,66.0,7388.9,TIME,6,2025-04
2025-04-21 09:30,2025-04-21 10:00,SHORT,London,VWAP,3346.43,3352.0,0.1666,False,-81.86,7307.04,SL,2,2025-04
2025-04-21 16:30,2025-04-21 17:45,LONG,NY_prime,SwingH,3391.07,3386.51,0.1344,False,-69.21,7237.84,SL,5,2025-04
2025-04-22 09:15,2025-04-22 10:00,LONG,London,SwingH,3441.34,3432.38,0.2605,False,-114.17,7123.67,SL,3,2025-04
2025-04-23 16:30,2025-04-23 18:00,SHORT,NY_prime,SwingL,3340.1,3321.8,0.495,False,141.86,7265.53,TIME,6,2025-04
2025-04-25 15:15,2025-04-25 16:00,SHORT,NY_open,SwingL,3327.1,3310.74,0.1967,True,116.27,7381.8,TP2,3,2025-04
2025-04-28 09:15,2025-04-28 10:45,LONG,London,SwingL,3313.1,3313.97,0.2853,False,-10.61,7371.19,TIME,6,2025-04
2025-04-29 09:30,2025-04-29 12:45,SHORT,London,VWAP,3335.9,3325.03,0.1303,True,71.15,7442.35,TP2,13,2025-04
2025-04-29 15:15,2025-04-29 15:30,SHORT,NY_open,SwingL,3309.1,3314.16,0.1528,False,-77.34,7365.0,SL,1,2025-04
2025-04-30 09:00,2025-04-30 10:00,SHORT,London,SwingL,3313.8,3318.81,0.1512,False,-75.93,7289.08,SL,3,2025-04
2025-05-01 09:30,2025-05-01 10:15,LONG,London,SwingL,3274.42,3268.0,0.1962,False,-91.54,7197.54,SL,3,2025-05
2025-05-01 14:30,2025-05-01 16:00,LONG,NY_open,SwingL,3226.63,3238.0,0.2411,False,107.02,7304.56,TIME,6,2025-05
2025-05-02 15:00,2025-05-02 16:30,LONG,NY_open,RoundNum,3252.59,3251.47,0.1411,False,-32.66,7271.89,TIME,6,2025-05
2025-05-02 16:45,2025-05-02 18:15,LONG,NY_prime,RoundNum,3252.77,3257.57,0.25,False,33.66,7305.55,TIME,6,2025-05
2025-05-03 09:30,2025-05-03 11:00,LONG,London,RoundNum,3251.5,3249.2,0.1639,False,-45.93,7259.62,TIME,6,2025-05
2025-05-05 09:45,2025-05-05 11:00,SHORT,London,RoundNum,3247.95,3253.23,0.1626,False,-78.97,7180.65,SL,5,2025-05
2025-05-05 14:30,2025-05-05 16:00,SHORT,NY_open,VWAP,3255.88,3259.66,0.4067,False,-60.42,7120.23,TIME,6,2025-05
2025-05-05 16:45,2025-05-05 18:15,SHORT,NY_prime,PrevHigh,3261.5,3267.08,0.1711,False,-80.49,7039.74,SL,6,2025-05
2025-05-07 09:00,2025-05-07 10:30,LONG,London,PrevHigh,3394.97,3373.63,0.6287,False,-153.11,6886.63,SL,6,2025-05
2025-05-08 14:45,2025-05-08 16:00,SHORT,NY_open,VWAP,3381.88,3356.76,0.2971,True,176.52,7063.15,TP2,5,2025-05
2025-05-08 16:30,2025-05-08 17:30,SHORT,NY_prime,SwingL,3330.17,3344.51,0.4306,False,-159.3,6903.84,SL,4,2025-05
2025-05-09 09:00,2025-05-09 10:30,SHORT,London,VWAP,3316.62,3316.79,0.2697,False,-20.75,6883.09,TIME,6,2025-05
2025-05-09 14:30,2025-05-09 21:00,LONG,NY_open,VWAP,3315.73,3330.27,0.1755,True,96.13,6979.22,TP2,26,2025-05
2025-05-10 16:30,2025-05-10 18:00,SHORT,NY_prime,SwingL,3325.3,3327.23,0.0579,False,-39.4,6939.82,SL,6,2025-05
2025-05-12 09:00,2025-05-12 10:30,LONG,London,VWAP,3276.23,3274.33,0.3836,False,-39.21,6900.61,TIME,6,2025-05
2025-05-12 14:30,2025-05-12 15:30,LONG,NY_open,VWAP,3278.04,3274.04,0.1221,False,-61.1,6839.51,SL,4,2025-05
2025-05-12 16:30,2025-05-12 17:15,SHORT,NY_prime,VWAP,3274.37,3255.33,0.2326,True,132.98,6972.49,TP2,3,2025-05
2025-05-13 14:30,2025-05-13 16:00,LONG,NY_open,RoundNum,3246.89,3251.09,0.3327,False,25.92,6998.41,TIME,6,2025-05
2025-05-13 16:45,2025-05-13 18:15,LONG,NY_prime,SwingH,3261.93,3255.69,0.1912,False,-86.15,6912.26,SL,6,2025-05
2025-05-15 09:00,2025-05-15 10:30,LONG,London,SwingH,3184.95,3182.55,0.1536,False,-45.05,6867.21,TIME,6,2025-05
2025-05-15 14:30,2025-05-15 16:00,SHORT,NY_open,SwingL,3144.2,3126.91,0.2199,True,125.15,6992.36,TP2,6,2025-05
2025-05-19 09:00,2025-05-19 09:30,LONG,London,SwingH,3244.25,3235.54,0.2684,False,-113.06,6879.29,SL,2,2025-05
2025-05-19 15:00,2025-05-19 16:00,SHORT,NY_open,VWAP,3218.26,3224.94,0.2077,False,-90.35,6788.94,SL,4,2025-05
2025-05-19 16:45,2025-05-19 18:30,LONG,NY_prime,VWAP,3224.13,3236.74,0.1564,True,82.46,6871.4,TP2,7,2025-05
2025-05-20 09:00,2025-05-20 10:30,SHORT,London,SwingL,3221.02,3220.74,0.2245,False,-15.91,6855.49,TIME,6,2025-05
2025-05-21 15:00,2025-05-21 15:30,SHORT,NY_open,RoundNum,3299.87,3303.73,0.1168,False,-58.91,6796.59,SL,2,2025-05
2025-05-22 09:00,2025-05-22 10:30,LONG,London,PrevHigh,3320.86,3323.56,0.1244,False,8.94,6805.53,TIME,6,2025-05
2025-05-23 09:00,2025-05-23 10:15,SHORT,London,RoundNum,3299.09,3302.95,0.1169,False,-58.49,6747.04,SL,5,2025-05
2025-05-23 14:30,2025-05-23 15:45,LONG,NY_open,SwingH,3313.3,3321.62,0.1005,True,45.93,6792.97,TP2,5,2025-05
2025-05-24 09:00,2025-05-24 10:15,SHORT,London,SwingL,3351.4,3354.37,0.0885,False,-48.73,6744.24,SL,5,2025-05
2025-05-26 15:00,2025-05-26 16:45,SHORT,NY_open,RoundNum,3348.86,3338.4,0.1249,True,61.64,6805.88,TP2,7,2025-05
2025-05-26 16:45,2025-05-26 18:15,SHORT,NY_prime,SwingL,3337.33,3336.26,0.2025,False,-7.81,6798.07,TIME,6,2025-05
2025-05-27 15:15,2025-05-27 16:45,SHORT,NY_open,SwingL,3331.5,3314.89,0.1995,True,110.57,6908.65,TP2,6,2025-05
2025-05-27 16:45,2025-05-27 18:15,SHORT,NY_prime,SwingL,3313.3,3310.1,0.3128,False,14.36,6923.01,TIME,6,2025-05
2025-05-28 09:00,2025-05-28 10:30,LONG,London,SwingH,3306.84,3314.34,0.3213,False,59.47,6982.48,TIME,6,2025-05
2025-05-28 15:00,2025-05-28 16:30,LONG,NY_open,VWAP,3302.1,3307.9,0.2229,False,42.12,7024.6,TIME,6,2025-05
2025-05-29 09:00,2025-05-29 10:30,SHORT,London,SwingL,3270.21,3270.5,0.5868,False,-15.29,7009.31,TIME,6,2025-05
2025-05-30 16:45,2025-05-30 18:15,LONG,NY_prime,RoundNum,3301.65,3297.74,0.2654,False,-60.78,6948.53,TIME,6,2025-05
2025-05-31 09:00,2025-05-31 10:30,SHORT,London,VWAP,3294.3,3292.4,0.1226,False,0.93,6949.46,TIME,6,2025-05
2025-06-02 09:00,2025-06-02 14:30,SHORT,London,SwingH,3313.6,3313.6,0.1239,True,19.61,6969.06,SL,22,2025-06
2025-06-02 14:30,2025-06-02 15:30,SHORT,NY_open,SwingH,3314.6,3318.86,0.1286,False,-63.99,6905.07,SL,4,2025-06
2025-06-02 16:30,2025-06-02 18:00,LONG,NY_prime,RoundNum,3344.89,3353.56,0.3167,False,70.5,6975.57,TIME,6,2025-06
2025-06-03 09:15,2025-06-03 10:45,SHORT,London,SwingH,3385.25,3375.84,0.2321,False,77.77,7053.34,TIME,6,2025-06
2025-06-03 14:30,2025-06-03 16:00,LONG,NY_open,SwingL,3362.43,3361.93,0.1442,False,-24.64,7028.7,TIME,6,2025-06
2025-06-03 16:30,2025-06-03 18:00,SHORT,NY_prime,SwingL,3355.48,3363.48,0.3263,False,-103.12,6925.58,TIME,6,2025-06
2025-06-04 09:00,2025-06-04 10:00,LONG,London,SwingH,3360.32,3356.21,0.1224,False,-61.42,6864.16,SL,4,2025-06
2025-06-04 14:30,2025-06-04 16:00,SHORT,NY_open,VWAP,3355.01,3352.67,0.2058,False,5.06,6869.22,TIME,6,2025-06
2025-06-05 09:15,2025-06-05 10:45,LONG,London,SwingH,3378.69,3380.29,0.1883,False,-2.63,6866.6,TIME,6,2025-06
2025-06-06 14:45,2025-06-06 15:15,LONG,NY_open,SwingH,3373.66,3370.4,0.0967,False,-52.1,6814.5,SL,2,2025-06
2025-06-06 16:30,2025-06-06 18:00,SHORT,NY_prime,SwingL,3358.41,3358.59,0.2876,False,-20.57,6793.93,TIME,6,2025-06
2025-06-07 16:45,2025-06-07 17:30,LONG,NY_prime,VWAP,3319.9,3321.76,0.0224,True,-4.21,6789.72,TP2,3,2025-06
2025-06-09 09:15,2025-06-09 10:30,SHORT,London,VWAP,3315.91,3309.06,0.0827,True,34.7,6824.42,TP2,5,2025-06
2025-06-09 15:00,2025-06-09 16:15,SHORT,NY_open,VWAP,3311.51,3318.17,0.2011,False,-87.38,6737.04,SL,5,2025-06
2025-06-09 16:45,2025-06-09 18:15,LONG,NY_prime,SwingH,3324.3,3324.75,0.1785,False,-13.97,6723.07,TIME,6,2025-06
2025-06-10 16:30,2025-06-10 18:00,LONG,NY_prime,SwingH,3329.15,3331.99,0.1521,False,10.19,6733.26,TIME,6,2025-06
2025-06-11 09:00,2025-06-11 09:15,LONG,London,VWAP,3325.63,3322.44,0.096,False,-50.83,6682.42,SL,1,2025-06
2025-06-11 09:15,2025-06-11 10:45,LONG,London,SwingL,3321.97,3332.39,0.2291,False,86.43,6768.85,TIME,6,2025-06
2025-06-12 09:00,2025-06-12 10:30,SHORT,London,SwingH,3366.63,3367.06,0.2397,False,-22.94,6745.91,TIME,6,2025-06
2025-06-13 09:30,2025-06-13 10:00,LONG,London,SwingH,3387.41,3400.75,0.1575,True,82.66,6828.57,TP2,2,2025-06
2025-06-14 15:00,2025-06-14 16:45,SHORT,NY_open,SwingL,3432.4,3433.0,0.0644,False,-24.75,6803.82,TIME,6,2025-06
2025-06-16 09:00,2025-06-16 09:45,LONG,London,SwingH,3455.7,3444.27,0.3307,False,-131.22,6672.6,SL,3,2025-06
2025-06-16 14:45,2025-06-16 16:15,SHORT,NY_open,SwingL,3427.43,3417.52,0.1156,True,55.05,6727.65,TP2,6,2025-06
2025-06-17 09:15,2025-06-17 10:45,LONG,London,SwingH,3398.64,3394.46,0.1916,False,-59.87,6667.77,TIME,6,2025-06
2025-06-17 15:00,2025-06-17 18:45,SHORT,NY_open,VWAP,3392.53,3382.63,0.1168,True,55.74,6723.51,TP2,15,2025-06
2025-06-18 09:30,2025-06-18 11:00,SHORT,London,VWAP,3385.4,3383.87,0.1662,False,-3.3,6720.21,TIME,6,2025-06
2025-06-18 14:30,2025-06-18 15:15,LONG,NY_open,SwingH,3397.33,3393.11,0.1243,False,-60.25,6659.97,SL,3,2025-06
2025-06-19 16:30,2025-06-19 16:45,SHORT,NY_prime,SwingL,3349.19,3355.71,0.1946,False,-83.12,6576.85,SL,1,2025-06
2025-06-20 15:15,2025-06-20 17:00,SHORT,NY_open,RoundNum,3349.15,3349.15,0.1609,True,29.51,6606.36,SL,7,2025-06
2025-06-24 09:15,2025-06-24 09:45,LONG,London,SwingL,3352.49,3346.62,0.1751,False,-76.01,6530.34,SL,2,2025-06
2025-06-24 09:45,2025-06-24 11:00,SHORT,London,SwingL,3344.48,3353.54,0.2708,False,-106.38,6423.96,SL,5,2025-06
2025-06-24 14:30,2025-06-24 16:15,SHORT,NY_open,RoundNum,3348.87,3332.43,0.1963,True,102.55,6526.51,TP2,7,2025-06
2025-06-25 16:45,2025-06-25 18:15,SHORT,NY_prime,SwingH,3331.71,3329.6,0.1961,False,2.72,6529.23,TIME,6,2025-06
2025-06-26 09:00,2025-06-26 10:30,LONG,London,PrevHigh,3337.16,3335.2,0.1471,False,-37.13,6492.1,TIME,6,2025-06
2025-06-26 16:30,2025-06-26 21:30,LONG,NY_prime,PrevHigh,3337.2,3337.2,0.1913,True,37.97,6530.07,SL,20,2025-06
2025-06-27 16:30,2025-06-27 18:00,SHORT,NY_prime,SwingL,3288.26,3290.5,0.3924,False,-40.2,6489.87,TIME,6,2025-06
2025-06-28 15:00,2025-06-28 15:15,LONG,NY_open,SwingH,3284.1,3282.57,0.0465,False,-32.94,6456.93,SL,1,2025-06
2025-06-28 16:30,2025-06-28 18:00,SHORT,NY_prime,VWAP,3279.3,3280.2,0.0711,False,-26.62,6430.31,TIME,6,2025-06
2025-06-30 09:15,2025-06-30 11:15,SHORT,London,VWAP,3268.48,3268.48,0.0891,True,8.09,6438.4,SL,8,2025-06
2025-06-30 14:45,2025-06-30 16:15,LONG,NY_open,PrevHigh,3285.75,3290.83,0.2073,False,32.07,6470.47,TIME,6,2025-06
2025-06-30 16:30,2025-06-30 18:00,LONG,NY_prime,SwingH,3295.17,3294.35,0.2063,False,-25.84,6444.63,TIME,6,2025-06
2025-07-01 15:00,2025-07-01 16:30,LONG,NY_open,SwingH,3323.7,3327.7,0.1872,False,21.06,6465.68,TIME,6,2025-07
2025-07-02 09:00,2025-07-02 10:00,SHORT,London,VWAP,3338.97,3342.7,0.1118,False,-53.92,6411.76,SL,4,2025-07
2025-07-02 14:45,2025-07-02 16:00,LONG,NY_open,VWAP,3340.1,3334.72,0.1611,False,-69.28,6342.49,SL,5,2025-07
2025-07-02 16:45,2025-07-02 18:15,LONG,NY_prime,SwingL,3330.4,3333.7,0.1518,False,13.98,6356.47,TIME,6,2025-07
2025-07-03 09:15,2025-07-03 15:15,SHORT,London,RoundNum,3350.42,3350.42,0.1931,True,37.72,6394.19,SL,24,2025-07
2025-07-03 15:15,2025-07-03 16:45,LONG,NY_open,PrevHigh,3352.95,3356.9,0.1829,False,20.08,6414.27,TIME,6,2025-07
2025-07-04 09:00,2025-07-04 10:30,LONG,London,SwingH,3330.34,3328.74,0.1614,False,-33.05,6381.22,TIME,6,2025-07
2025-07-05 15:15,2025-07-05 16:15,LONG,NY_open,SwingH,3338.8,3333.78,0.1504,False,-65.52,6315.7,SL,4,2025-07
2025-07-07 09:00,2025-07-07 11:00,SHORT,London,PrevLow,3331.14,3320.34,0.1297,True,60.62,6376.32,TP2,8,2025-07
2025-07-08 14:45,2025-07-08 17:00,LONG,NY_open,SwingL,3329.55,3336.98,0.0893,True,36.62,6412.93,TP2,9,2025-07
2025-07-09 09:00,2025-07-09 09:30,LONG,London,VWAP,3303.12,3300.24,0.0872,False,-45.58,6367.35,SL,2,2025-07
2025-07-09 09:30,2025-07-09 09:45,SHORT,London,SwingL,3298.17,3302.24,0.1235,False,-56.83,6310.52,SL,1,2025-07
2025-07-09 09:45,2025-07-09 11:15,LONG,London,VWAP,3302.35,3305.7,0.1795,False,14.65,6325.17,TIME,6,2025-07
2025-07-11 14:45,2025-07-11 16:15,LONG,NY_open,PrevHigh,3331.94,3339.27,0.088,True,35.52,6360.69,TP2,6,2025-07
2025-07-12 14:30,2025-07-12 16:00,SHORT,NY_open,RoundNum,3349.4,3349.3,0.107,False,-16.54,6344.15,TIME,6,2025-07
2025-07-14 09:00,2025-07-14 09:30,LONG,London,SwingH,3371.99,3368.1,0.1153,False,-54.01,6290.14,SL,2,2025-07
2025-07-14 14:30,2025-07-14 16:00,LONG,NY_open,VWAP,3359.8,3359.65,0.1677,False,-18.7,6271.44,TIME,6,2025-07
2025-07-14 16:30,2025-07-14 22:00,LONG,NY_prime,SwingH,3362.55,3362.55,0.1605,True,28.02,6299.46,SL,22,2025-07
2025-07-15 09:00,2025-07-15 10:15,SHORT,London,PrevLow,3344.19,3347.3,0.0929,False,-46.59,6252.87,SL,5,2025-07
2025-07-15 15:00,2025-07-15 16:30,LONG,NY_open,SwingH,3362.62,3361.52,0.0965,False,-27.42,6225.45,TIME,6,2025-07
2025-07-16 09:30,2025-07-16 11:00,SHORT,London,VWAP,3329.71,3331.77,0.0762,False,-36.38,6189.07,TIME,6,2025-07
2025-07-16 14:30,2025-07-16 16:00,LONG,NY_open,SwingH,3336.4,3340.61,0.0996,False,22.03,6211.1,TIME,6,2025-07
2025-07-17 09:30,2025-07-17 11:00,SHORT,London,VWAP,3346.12,3340.83,0.1098,False,32.02,6243.12,TIME,6,2025-07
2025-07-18 15:00,2025-07-18 15:30,LONG,NY_open,VWAP,3339.53,3335.82,0.1111,False,-51.85,6191.27,SL,2,2025-07
2025-07-19 09:15,2025-07-19 10:45,SHORT,London,SwingL,3345.6,3345.4,0.0533,False,-15.18,6176.1,TIME,6,2025-07
2025-07-19 16:45,2025-07-19 18:15,LONG,NY_prime,RoundNum,3350.3,3350.2,0.0341,False,-17.91,6158.19,TIME,6,2025-07
2025-07-21 09:00,2025-07-21 10:00,SHORT,London,SwingL,3346.01,3349.51,0.1047,False,-49.16,6109.03,SL,4,2025-07
2025-07-21 15:00,2025-07-21 16:30,LONG,NY_open,PrevHigh,3362.89,3368.88,0.1832,False,37.61,6146.64,TIME,6,2025-07
2025-07-21 16:30,2025-07-21 21:00,SHORT,NY_prime,SwingH,3368.88,3368.88,0.0909,True,8.21,6154.85,SL,18,2025-07
2025-07-22 09:00,2025-07-22 09:30,LONG,London,RoundNum,3400.3,3398.57,0.0508,False,-32.57,6122.28,SL,2,2025-07
2025-07-22 09:30,2025-07-22 11:00,SHORT,London,PrevHigh,3394.46,3392.17,0.263,False,3.81,6126.09,TIME,6,2025-07
2025-07-24 16:30,2025-07-24 17:45,LONG,NY_prime,SwingL,3378.6,3373.7,0.1449,False,-61.22,6064.87,SL,5,2025-07
2025-07-25 14:30,2025-07-25 16:00,SHORT,NY_open,SwingL,3358.48,3356.87,0.1388,False,-2.14,6062.72,TIME,6,2025-07
2025-07-25 16:45,2025-07-25 17:30,LONG,NY_prime,PrevLow,3359.35,3355.39,0.1179,False,-52.41,6010.32,SL,3,2025-07
2025-07-26 09:00,2025-07-26 09:30,LONG,London,SwingH,3354.85,3353.16,0.0502,False,-31.63,5978.69,SL,2,2025-07
2025-07-26 09:30,2025-07-26 11:00,SHORT,London,RoundNum,3346.41,3353.86,0.2513,False,-82.99,5895.7,TIME,6,2025-07
2025-07-28 09:00,2025-07-28 10:30,LONG,London,VWAP,3346.8,3343.72,0.1399,False,-43.34,5852.35,TIME,6,2025-07
2025-07-28 14:30,2025-07-28 15:45,SHORT,NY_open,VWAP,3344.38,3348.65,0.1275,False,-53.41,5798.94,SL,5,2025-07
2025-07-28 16:30,2025-07-28 18:00,LONG,NY_prime,VWAP,3346.61,3344.29,0.1084,False,-36.05,5762.9,TIME,6,2025-07
2025-07-29 09:15,2025-07-29 10:45,SHORT,London,VWAP,3321.0,3320.79,0.0975,False,-14.03,5748.87,TIME,6,2025-07
2025-07-30 09:45,2025-07-30 11:30,LONG,London,PrevHigh,3335.13,3335.13,0.0464,True,-3.8,5745.07,SL,7,2025-07
2025-07-30 14:45,2025-07-30 16:15,SHORT,NY_open,VWAP,3334.0,3331.97,0.0751,False,1.69,5746.76,TIME,6,2025-07
2025-07-30 16:30,2025-07-30 18:00,LONG,NY_prime,SwingL,3332.57,3337.0,0.0903,False,22.39,5769.15,TIME,6,2025-07
2025-07-31 16:30,2025-07-31 18:00,SHORT,NY_prime,PrevLow,3309.81,3312.95,0.0948,False,-43.2,5725.95,SL,6,2025-07
2025-08-01 09:00,2025-08-01 10:30,SHORT,London,RoundNum,3297.81,3298.8,0.1251,False,-24.34,5701.61,TIME,6,2025-08
2025-08-01 14:45,2025-08-01 16:15,LONG,NY_open,VWAP,3300.61,3299.81,0.09,False,-22.59,5679.02,TIME,6,2025-08
2025-08-01 16:30,2025-08-01 17:30,LONG,NY_prime,RoundNum,3300.01,3297.94,0.0628,False,-33.45,5645.58,SL,4,2025-08
2025-08-02 16:30,2025-08-04 07:45,LONG,NY_prime,SwingL,3359.0,3367.34,0.0993,True,37.78,5683.36,TP2,30,2025-08
2025-08-04 09:45,2025-08-04 10:15,LONG,London,VWAP,3365.68,3360.74,0.1468,False,-57.36,5626.0,SL,2,2025-08
2025-08-04 16:30,2025-08-04 18:00,LONG,NY_prime,SwingH,3362.75,3359.22,0.1651,False,-45.0,5581.0,TIME,6,2025-08
2025-08-05 09:00,2025-08-05 10:30,LONG,London,SwingH,3380.09,3380.22,0.1531,False,-14.27,5566.72,TIME,6,2025-08
2025-08-05 15:00,2025-08-05 16:30,SHORT,NY_open,SwingL,3371.69,3368.79,0.1139,False,8.63,5575.35,TIME,6,2025-08
2025-08-05 16:30,2025-08-05 17:15,SHORT,NY_prime,SwingL,3368.79,3372.36,0.106,False,-44.88,5530.47,SL,3,2025-08
2025-08-06 09:00,2025-08-06 11:00,LONG,London,VWAP,3381.8,3381.8,0.0505,True,-2.65,5527.83,SL,8,2025-08
2025-08-06 16:30,2025-08-06 17:15,SHORT,NY_prime,VWAP,3379.89,3375.39,0.0533,True,12.77,5540.6,TP2,3,2025-08
2025-08-07 16:30,2025-08-07 17:30,LONG,NY_prime,SwingH,3383.49,3391.36,0.093,True,33.78,5574.38,TP2,4,2025-08
2025-08-08 09:00,2025-08-08 10:30,SHORT,London,PrevHigh,3393.73,3390.12,0.1607,False,14.32,5588.7,TIME,6,2025-08
2025-08-08 16:30,2025-08-08 17:00,SHORT,NY_prime,VWAP,3387.18,3390.21,0.0895,False,-40.39,5548.31,SL,2,2025-08
2025-08-09 09:30,2025-08-09 11:00,SHORT,London,VWAP,3384.63,3385.39,0.0811,False,-21.49,5526.83,TIME,6,2025-08
2025-08-09 14:45,2025-08-09 16:15,LONG,NY_open,VWAP,3385.47,3384.13,0.3298,False,-26.14,5500.69,TIME,6,2025-08
2025-08-11 09:00,2025-08-11 09:45,LONG,London,VWAP,3386.68,3385.0,0.0496,False,-28.77,5471.92,SL,3,2025-08
2025-08-11 09:45,2025-08-11 11:15,SHORT,London,SwingL,3382.52,3370.4,0.1434,True,59.64,5531.56,TP2,6,2025-08
2025-08-11 16:30,2025-08-11 17:45,SHORT,NY_prime,SwingL,3362.66,3356.18,0.0771,True,25.33,5556.89,TP2,5,2025-08
2025-08-12 14:30,2025-08-12 16:00,LONG,NY_open,RoundNum,3349.92,3345.01,0.1466,False,-56.0,5500.89,SL,6,2025-08
2025-08-12 16:30,2025-08-12 18:00,LONG,NY_prime,VWAP,3345.48,3351.9,0.2173,False,37.65,5538.54,TIME,6,2025-08
2025-08-13 09:00,2025-08-13 10:30,SHORT,London,VWAP,3345.5,3337.56,0.1993,False,50.49,5589.03,TIME,6,2025-08
2025-08-13 14:30,2025-08-13 16:00,SHORT,NY_open,VWAP,3342.13,3344.23,0.0629,False,-32.95,5556.09,SL,6,2025-08
2025-08-13 16:45,2025-08-13 17:45,LONG,NY_prime,SwingH,3348.3,3346.8,0.0447,False,-27.7,5528.39,SL,4,2025-08
2025-08-14 09:00,2025-08-14 10:00,SHORT,London,VWAP,3350.55,3354.15,0.1074,False,-44.89,5483.49,SL,4,2025-08
2025-08-14 14:30,2025-08-14 16:00,SHORT,NY_open,RoundNum,3350.47,3351.5,0.094,False,-23.51,5459.98,TIME,6,2025-08
2025-08-14 16:45,2025-08-14 17:30,LONG,NY_prime,VWAP,3352.76,3349.33,0.1023,False,-42.94,5417.05,SL,3,2025-08
2025-08-15 15:00,2025-08-15 16:00,LONG,NY_open,SwingH,3338.57,3336.73,0.055,False,-29.8,5387.24,SL,4,2025-08
2025-08-15 16:30,2025-08-15 18:30,LONG,NY_prime,PrevLow,3335.34,3335.34,0.0498,True,-2.74,5384.5,SL,8,2025-08
2025-08-18 09:00,2025-08-18 10:00,SHORT,London,PrevLow,3327.02,3329.44,0.0727,False,-34.38,5350.12,SL,4,2025-08
2025-08-18 14:30,2025-08-18 15:30,LONG,NY_open,RoundNum,3350.07,3345.98,0.122,False,-47.35,5302.77,SL,4,2025-08
2025-08-19 09:15,2025-08-19 10:00,SHORT,London,VWAP,3331.52,3333.42,0.0569,False,-29.68,5273.09,SL,3,2025-08
2025-08-19 14:30,2025-08-19 15:00,SHORT,NY_open,VWAP,3331.87,3334.96,0.0926,False,-38.93,5234.17,SL,2,2025-08
2025-08-20 09:30,2025-08-20 11:00,LONG,London,VWAP,3313.75,3311.27,0.2002,False,-33.98,5200.19,TIME,6,2025-08
2025-08-22 14:30,2025-08-22 16:00,SHORT,NY_open,SwingL,3325.32,3325.46,0.0538,False,-15.4,5184.79,TIME,6,2025-08
2025-08-25 09:45,2025-08-25 10:00,LONG,London,SwingH,3360.81,3357.71,0.0921,False,-38.15,5146.64,SL,1,2025-08
2025-08-25 16:45,2025-08-25 17:45,LONG,NY_prime,VWAP,3357.95,3356.19,0.0524,False,-27.63,5119.02,SL,4,2025-08
2025-08-27 14:30,2025-08-27 16:00,SHORT,NY_open,SwingL,3365.56,3369.89,0.3833,False,-47.01,5072.01,TIME,6,2025-08
2025-08-28 09:30,2025-08-28 09:45,LONG,London,SwingH,3390.18,3389.04,0.0338,False,-22.51,5049.5,SL,1,2025-08
2025-08-28 16:30,2025-08-28 18:00,LONG,NY_prime,PrevHigh,3387.12,3389.41,0.1207,False,3.18,5052.68,TIME,6,2025-08
2025-08-29 14:30,2025-08-29 16:00,SHORT,NY_open,VWAP,3412.83,3413.34,0.2299,False,-17.67,5035.01,TIME,6,2025-08
2025-09-01 16:30,2025-09-01 17:00,LONG,NY_prime,RoundNum,3501.04,3496.92,0.1177,False,-43.47,4991.54,SL,2,2025-09
2025-09-02 09:15,2025-09-02 10:30,LONG,London,SwingH,3497.28,3504.62,0.0839,True,26.1,5017.64,TP2,5,2025-09
2025-09-02 16:30,2025-09-02 18:00,SHORT,NY_prime,VWAP,3501.62,3492.74,0.1756,False,49.82,5067.47,TIME,6,2025-09
2025-09-03 14:30,2025-09-03 16:00,LONG,NY_open,RoundNum,3550.77,3550.08,0.1738,False,-18.86,5048.61,TIME,6,2025-09
2025-09-03 16:30,2025-09-03 18:00,LONG,NY_prime,RoundNum,3551.71,3553.57,0.1046,False,-0.66,5047.94,TIME,6,2025-09
2025-09-04 09:00,2025-09-04 10:30,SHORT,London,SwingL,3572.0,3573.39,0.1406,False,-23.7,5024.24,TIME,6,2025-09
2025-09-04 16:45,2025-09-04 18:00,SHORT,NY_prime,RoundNum,3547.03,3553.57,0.1843,False,-60.12,4964.12,SL,5,2025-09
2025-09-05 09:00,2025-09-05 09:30,SHORT,London,RoundNum,3549.33,3552.06,0.077,False,-32.76,4931.36,SL,2,2025-09
2025-09-05 09:30,2025-09-05 11:00,LONG,London,SwingH,3557.48,3561.71,0.2059,False,15.76,4947.12,TIME,6,2025-09
2025-09-05 15:00,2025-09-05 17:15,SHORT,NY_open,SwingH,3564.63,3559.01,0.063,True,16.02,4963.14,TP2,9,2025-09
2025-09-06 09:30,2025-09-06 11:00,SHORT,London,PrevHigh,3591.96,3593.6,0.1468,False,-24.98,4938.16,TIME,6,2025-09
2025-09-06 16:30,2025-09-06 17:30,SHORT,NY_prime,SwingH,3598.89,3600.34,0.0403,False,-23.52,4914.64,SL,4,2025-09
2025-09-08 09:00,2025-09-08 10:30,SHORT,London,SwingL,3600.68,3597.52,0.1522,False,8.05,4922.69,TIME,6,2025-09
2025-09-08 16:30,2025-09-08 17:15,LONG,NY_prime,SwingH,3602.93,3612.74,0.1089,True,37.45,4960.14,TP2,3,2025-09
2025-09-09 09:45,2025-09-09 12:00,LONG,London,PrevHigh,3640.8,3656.35,0.1708,True,67.08,5027.22,TP2,9,2025-09
2025-09-09 16:30,2025-09-09 18:00,LONG,NY_prime,SwingH,3660.41,3650.8,0.3933,False,-79.82,4947.41,TIME,6,2025-09
2025-09-10 14:30,2025-09-10 16:00,LONG,NY_open,VWAP,3646.57,3649.24,0.0665,False,4.51,4951.91,TIME,6,2025-09
2025-09-10 16:30,2025-09-10 18:00,LONG,NY_prime,RoundNum,3648.67,3648.76,0.1293,False,-13.01,4938.91,TIME,6,2025-09
2025-09-11 09:45,2025-09-11 11:15,SHORT,London,VWAP,3642.26,3644.46,0.1474,False,-28.5,4910.41,TIME,6,2025-09
2025-09-11 14:30,2025-09-11 16:00,SHORT,NY_open,PrevLow,3629.08,3628.3,0.154,False,-8.23,4902.18,TIME,6,2025-09
2025-09-11 16:30,2025-09-11 17:00,LONG,NY_prime,PrevLow,3631.77,3627.1,0.1285,False,-44.98,4857.2,SL,2,2025-09
2025-09-12 09:15,2025-09-12 09:45,LONG,London,VWAP,3634.5,3633.03,0.0403,False,-23.15,4834.05,SL,2,2025-09
2025-09-12 15:00,2025-09-12 15:15,LONG,NY_open,SwingH,3654.29,3652.18,0.0577,False,-27.24,4806.81,SL,1,2025-09
2025-09-12 15:15,2025-09-12 16:45,SHORT,NY_open,RoundNum,3651.54,3649.32,0.1406,False,1.39,4808.21,TIME,6,2025-09
2025-09-15 14:30,2025-09-15 16:00,SHORT,NY_open,RoundNum,3649.33,3645.64,0.078,False,11.09,4819.29,TIME,6,2025-09
2025-09-16 16:30,2025-09-16 18:00,LONG,NY_prime,RoundNum,3699.5,3704.36,0.1479,False,18.4,4837.69,TIME,6,2025-09
2025-09-17 09:00,2025-09-17 10:30,LONG,London,SwingH,3704.82,3702.31,0.1439,False,-29.69,4808.0,TIME,6,2025-09
2025-09-17 16:30,2025-09-17 18:00,SHORT,NY_prime,SwingL,3682.76,3676.25,0.1381,False,29.27,4837.28,TIME,6,2025-09
2025-09-18 09:15,2025-09-18 10:00,LONG,London,PrevLow,3673.54,3668.96,0.1246,False,-43.43,4793.84,SL,3,2025-09
2025-09-18 15:00,2025-09-18 15:45,LONG,NY_open,SwingL,3658.56,3655.48,0.0841,False,-33.34,4760.5,SL,3,2025-09
2025-09-19 09:30,2025-09-19 10:00,SHORT,London,SwingL,3643.56,3645.34,0.0487,False,-24.69,4735.81,SL,2,2025-09
2025-09-20 09:00,2025-09-20 10:00,SHORT,London,SwingH,3691.52,3691.52,0.0456,True,-3.3,4732.5,SL,4,2025-09
2025-09-22 09:00,2025-09-22 09:15,SHORT,London,VWAP,3690.41,3692.49,0.0563,False,-26.33,4706.17,SL,1,2025-09
2025-09-22 09:15,2025-09-22 10:45,LONG,London,PrevHigh,3693.54,3695.18,0.1173,False,-2.49,4703.68,TIME,6,2025-09
2025-09-22 15:00,2025-09-22 16:15,LONG,NY_open,VWAP,3696.44,3707.28,0.1173,True,39.55,4743.23,TP2,5,2025-09
2025-09-22 16:30,2025-09-22 18:00,LONG,NY_prime,SwingH,3719.02,3725.09,0.2615,False,25.66,4768.9,TIME,6,2025-09
2025-09-24 09:15,2025-09-24 09:30,LONG,London,VWAP,3780.84,3777.6,0.0856,False,-33.52,4735.38,SL,1,2025-09
2025-09-24 09:30,2025-09-24 11:00,SHORT,London,VWAP,3774.33,3773.8,0.2004,False,-9.7,4725.68,TIME,6,2025-09
2025-09-24 14:30,2025-09-24 19:00,LONG,NY_open,VWAP,3778.67,3778.67,0.1145,True,11.33,4737.01,SL,18,2025-09
2025-09-25 09:00,2025-09-25 10:15,LONG,London,RoundNum,3750.38,3758.63,0.088,True,26.61,4763.62,TP2,5,2025-09
2025-09-25 14:30,2025-09-25 16:00,LONG,NY_open,VWAP,3746.51,3753.44,0.1983,False,30.96,4794.58,TIME,6,2025-09
2025-09-26 09:15,2025-09-26 10:45,LONG,London,VWAP,3753.02,3756.65,0.1523,False,10.0,4804.58,TIME,6,2025-09
2025-09-26 16:45,2025-09-26 17:30,SHORT,NY_prime,RoundNum,3748.48,3753.08,0.1228,False,-42.71,4761.87,SL,3,2025-09
2025-09-27 09:15,2025-09-27 10:45,SHORT,London,PrevHigh,3774.67,3773.6,0.1061,False,-6.35,4755.52,TIME,6,2025-09
2025-09-27 14:30,2025-09-27 16:00,SHORT,NY_open,PrevHigh,3772.33,3772.18,0.1079,False,-12.13,4743.39,TIME,6,2025-09
2025-09-29 09:00,2025-09-29 10:00,SHORT,London,VWAP,3773.86,3778.03,0.1105,False,-39.24,4704.15,SL,4,2025-09
2025-09-29 14:30,2025-09-29 16:30,LONG,NY_open,SwingH,3810.86,3829.09,0.1914,True,72.87,4777.02,TP2,8,2025-09
2025-09-29 16:30,2025-09-29 17:45,LONG,NY_prime,SwingH,3829.79,3819.59,0.2662,False,-76.72,4700.29,SL,5,2025-09
2025-09-30 09:15,2025-09-30 09:45,SHORT,London,PrevHigh,3842.62,3847.14,0.1177,False,-40.59,4659.7,SL,2,2025-09
2025-09-30 09:45,2025-09-30 13:00,LONG,London,RoundNum,3847.63,3863.06,0.1604,True,58.37,4718.08,TP2,13,2025-09
2025-10-01 09:00,2025-10-01 10:30,LONG,London,SwingH,3873.11,3873.78,0.0724,False,-8.89,4709.18,TIME,6,2025-10
2025-10-02 16:30,2025-10-02 16:45,LONG,NY_prime,SwingH,3875.55,3870.57,0.1285,False,-43.21,4665.97,SL,1,2025-10
2025-10-02 16:45,2025-10-02 18:15,SHORT,NY_prime,VWAP,3869.0,3876.27,0.2015,False,-56.67,4609.3,TIME,6,2025-10
2025-10-03 15:15,2025-10-03 17:15,LONG,NY_open,VWAP,3857.26,3866.84,0.0994,True,30.89,4640.19,TP2,8,2025-10
2025-10-04 09:00,2025-10-04 09:15,LONG,London,SwingL,3880.48,3878.21,0.0586,False,-26.36,4613.83,SL,1,2025-10
2025-10-04 09:15,2025-10-04 09:45,SHORT,London,SwingL,3877.26,3882.39,0.1323,False,-43.2,4570.63,SL,2,2025-10
2025-10-04 14:30,2025-10-04 16:00,SHORT,NY_open,PrevHigh,3888.41,3887.88,0.0816,False,-9.45,4561.17,TIME,6,2025-10
2025-10-04 16:30,2025-10-04 17:00,LONG,NY_prime,SwingH,3892.64,3887.45,0.1333,False,-42.93,4518.24,SL,2,2025-10
2025-10-06 09:45,2025-10-06 13:00,LONG,London,PrevHigh,3904.6,3924.86,0.2076,True,77.0,4595.24,TP2,13,2025-10
2025-10-06 14:30,2025-10-06 16:00,LONG,NY_open,SwingH,3936.03,3948.32,0.2199,False,59.1,4654.34,TIME,6,2025-10
2025-10-07 09:00,2025-10-07 10:30,LONG,London,SwingH,3981.31,3984.64,0.2293,False,6.67,4661.01,TIME,6,2025-10
2025-10-07 16:30,2025-10-07 18:00,LONG,NY_prime,VWAP,3973.35,3964.02,0.2347,False,-67.52,4593.49,SL,6,2025-10
2025-10-08 09:15,2025-10-08 10:15,LONG,London,RoundNum,4000.22,4000.22,0.0433,True,-3.68,4589.81,SL,4,2025-10
2025-10-08 14:45,2025-10-08 18:00,LONG,NY_open,SwingH,4026.16,4044.46,0.1818,True,66.87,4656.68,TP2,13,2025-10
2025-10-09 09:00,2025-10-09 10:30,SHORT,London,SwingL,4042.25,4029.33,0.4327,False,56.96,4713.64,TIME,6,2025-10
2025-10-09 15:00,2025-10-09 16:30,LONG,NY_open,VWAP,4052.04,4057.95,0.2308,False,21.41,4735.05,TIME,6,2025-10
2025-10-09 16:30,2025-10-09 17:45,LONG,NY_prime,PrevHigh,4057.95,4047.8,0.25,False,-72.22,4662.84,SL,5,2025-10
2025-10-10 14:45,2025-10-10 15:30,SHORT,NY_open,SwingL,3971.39,3971.39,0.1463,True,17.85,4680.68,SL,3,2025-10
2025-10-11 09:45,2025-10-11 11:15,SHORT,London,VWAP,3992.57,3964.61,0.8467,False,71.34,4752.03,TIME,6,2025-10
2025-10-13 14:30,2025-10-13 16:00,LONG,NY_open,RoundNum,4054.2,4065.48,0.2038,False,53.04,4805.07,TIME,6,2025-10
2025-10-14 09:45,2025-10-14 12:00,LONG,London,SwingH,4125.01,4145.72,0.2008,True,78.76,4883.83,TP2,9,2025-10
2025-10-14 14:30,2025-10-14 16:30,LONG,NY_open,SwingH,4178.22,4178.22,0.1875,True,27.74,4911.57,SL,8,2025-10
2025-10-14 16:45,2025-10-14 18:15,SHORT,NY_prime,VWAP,4132.44,4140.1,0.5884,False,-40.13,4871.44,TIME,6,2025-10
2025-10-15 09:45,2025-10-15 11:00,SHORT,London,SwingH,4171.62,4179.57,0.1905,False,-59.81,4811.63,SL,5,2025-10
2025-10-15 14:30,2025-10-15 15:15,LONG,NY_open,PrevHigh,4200.37,4196.39,0.0948,False,-36.03,4775.6,SL,3,2025-10
2025-10-15 15:15,2025-10-15 16:45,SHORT,NY_open,PrevHigh,4194.76,4198.72,0.3225,False,-35.67,4739.93,TIME,6,2025-10
2025-10-15 16:45,2025-10-15 17:00,SHORT,NY_prime,PrevHigh,4198.72,4206.95,0.1961,False,-59.51,4680.41,SL,1,2025-10
2025-10-16 09:15,2025-10-16 10:45,LONG,London,SwingH,4237.0,4238.42,0.451,False,-4.46,4675.95,TIME,6,2025-10
2025-10-16 16:30,2025-10-16 18:00,SHORT,NY_prime,VWAP,4234.09,4247.3,0.3154,False,-85.8,4590.15,TIME,6,2025-10
2025-10-17 09:30,2025-10-17 11:00,LONG,London,RoundNum,4418.05,4418.05,0.5821,True,73.89,4664.04,SL,6,2025-10
2025-10-17 14:45,2025-10-17 16:15,LONG,NY_open,RoundNum,4401.2,4407.27,0.4261,False,18.15,4682.19,TIME,6,2025-10
2025-10-18 09:45,2025-10-18 17:45,SHORT,London,SwingH,4265.02,4237.87,0.2546,True,100.92,4783.12,TP2,32,2025-10
2025-10-20 14:45,2025-10-20 16:15,LONG,NY_open,RoundNum,4260.78,4252.84,0.3487,False,-57.72,4725.4,TIME,6,2025-10
2025-10-20 16:45,2025-10-20 18:15,SHORT,NY_prime,RoundNum,4237.29,4247.33,0.4613,False,-59.81,4665.59,TIME,6,2025-10
2025-10-21 15:15,2025-10-21 16:15,SHORT,NY_open,RoundNum,4351.88,4336.35,0.1427,True,50.57,4716.16,TP2,4,2025-10
2025-10-21 16:30,2025-10-21 17:30,SHORT,NY_prime,PrevHigh,4323.84,4338.56,0.3405,False,-93.25,4622.91,SL,4,2025-10
2025-10-22 09:00,2025-10-22 10:30,SHORT,London,VWAP,4126.75,4127.63,0.4229,False,-16.69,4606.22,TIME,6,2025-10
2025-10-22 14:30,2025-10-22 16:00,LONG,NY_open,RoundNum,4143.93,4145.64,0.6893,False,-1.84,4604.39,TIME,6,2025-10
2025-10-22 16:45,2025-10-22 17:30,SHORT,NY_prime,RoundNum,4141.63,4155.41,0.3327,False,-89.25,4515.14,SL,3,2025-10
2025-10-23 09:30,2025-10-23 10:15,LONG,London,RoundNum,4106.12,4095.73,0.253,False,-69.53,4445.6,SL,3,2025-10
2025-10-23 16:30,2025-10-23 18:30,LONG,NY_prime,RoundNum,4100.53,4100.53,0.239,True,35.55,4481.15,SL,8,2025-10
2025-10-25 09:15,2025-10-25 09:30,SHORT,London,VWAP,4107.81,4111.57,0.0916,False,-32.86,4448.29,SL,1,2025-10
2025-10-25 09:30,2025-10-25 11:00,LONG,London,SwingH,4115.61,4110.43,0.2388,False,-40.23,4408.07,TIME,6,2025-10
2025-10-25 14:45,2025-10-25 16:15,SHORT,NY_open,VWAP,4110.07,4111.34,0.1136,False,-18.93,4389.13,TIME,6,2025-10
2025-10-25 16:30,2025-10-25 18:00,SHORT,NY_prime,VWAP,4109.7,4112.45,0.1306,False,-26.76,4362.38,TIME,6,2025-10
2025-10-27 09:45,2025-10-27 11:15,LONG,London,PrevLow,4074.58,4067.13,0.5051,False,-41.08,4321.3,TIME,6,2025-10
2025-10-27 14:30,2025-10-27 15:00,LONG,NY_open,VWAP,4076.53,4063.99,0.3076,False,-78.34,4242.96,SL,2,2025-10
2025-10-27 15:00,2025-10-27 16:15,SHORT,NY_open,SwingL,4054.95,4069.88,0.3681,False,-89.76,4153.2,SL,5,2025-10
2025-10-27 16:30,2025-10-27 18:00,SHORT,NY_prime,VWAP,4072.45,4069.39,0.1639,False,4.18,4157.39,TIME,6,2025-10
2025-10-28 15:00,2025-10-28 16:30,SHORT,NY_open,VWAP,3985.47,3963.29,0.2226,True,76.85,4234.23,TP2,6,2025-10
2025-10-28 16:30,2025-10-28 18:00,SHORT,NY_prime,SwingL,3959.28,3945.51,0.4288,False,57.83,4292.06,TIME,6,2025-10
2025-10-29 09:00,2025-10-29 10:30,SHORT,London,RoundNum,3941.6,3962.43,0.6386,False,-78.43,4213.63,TIME,6,2025-10
2025-10-29 15:00,2025-10-29 16:30,SHORT,NY_open,VWAP,3959.18,3966.84,0.2539,False,-52.35,4161.28,TIME,6,2025-10
2025-10-29 16:30,2025-10-29 18:00,LONG,NY_prime,VWAP,3966.84,3995.23,0.2863,True,102.35,4263.64,TP2,6,2025-10
2025-10-30 09:00,2025-10-30 10:30,LONG,London,RoundNum,3941.05,3946.26,0.6131,False,10.74,4274.37,TIME,6,2025-10
2025-10-30 15:15,2025-10-30 16:45,LONG,NY_open,VWAP,3962.03,3963.31,0.532,False,-3.65,4270.73,TIME,6,2025-10
2025-10-30 16:45,2025-10-30 18:15,SHORT,NY_prime,VWAP,3963.31,3970.64,0.3396,False,-51.24,4219.49,TIME,6,2025-10
2025-10-31 09:45,2025-10-31 11:15,LONG,London,PrevHigh,4033.38,4026.86,0.368,False,-45.71,4173.78,TIME,6,2025-10
2025-10-31 14:30,2025-10-31 16:00,SHORT,NY_open,RoundNum,3997.27,3996.81,0.2207,False,-9.08,4164.71,TIME,6,2025-10
2025-10-31 16:30,2025-10-31 18:00,LONG,NY_prime,VWAP,4005.29,4016.68,0.2483,False,47.76,4212.47,TIME,6,2025-10
2025-11-01 09:00,2025-11-01 10:30,SHORT,London,RoundNum,4000.27,4003.13,0.1097,False,-26.64,4185.83,TIME,6,2025-11
2025-11-01 15:00,2025-11-01 16:30,LONG,NY_open,SwingH,4005.97,4003.82,0.0536,False,-22.73,4163.09,SL,6,2025-11
2025-11-03 14:30,2025-11-03 16:00,LONG,NY_open,SwingH,4006.13,4004.29,0.2446,False,-21.01,4142.09,TIME,6,2025-11
2025-11-03 16:30,2025-11-03 18:00,LONG,NY_prime,SwingH,4011.21,4011.99,0.1444,False,-7.36,4134.72,TIME,6,2025-11
2025-11-04 09:30,2025-11-04 11:30,SHORT,London,RoundNum,3996.52,3982.22,0.1431,True,44.95,4179.67,TP2,8,2025-11
2025-11-05 14:30,2025-11-05 16:00,LONG,NY_open,SwingH,3954.9,3961.9,0.2214,False,25.5,4205.17,TIME,6,2025-11
2025-11-06 09:00,2025-11-06 12:00,SHORT,London,SwingL,3976.55,3965.91,0.107,True,31.24,4236.41,TP2,12,2025-11
2025-11-07 15:00,2025-11-07 16:30,LONG,NY_open,VWAP,3986.27,3990.54,0.1587,False,11.04,4247.45,TIME,6,2025-11
2025-11-08 09:00,2025-11-08 10:30,SHORT,London,VWAP,3994.57,3995.07,0.1301,False,-14.34,4233.11,TIME,6,2025-11
2025-11-08 14:45,2025-11-08 15:45,LONG,NY_open,VWAP,3996.64,3994.24,0.0599,False,-24.33,4208.78,SL,4,2025-11
2025-11-08 16:30,2025-11-08 18:00,SHORT,NY_prime,SwingL,3989.57,3989.93,0.1315,False,-13.47,4195.31,TIME,6,2025-11
2025-11-10 15:00,2025-11-10 16:30,LONG,NY_open,SwingH,4051.75,4059.35,0.2364,False,27.81,4223.12,TIME,6,2025-11
2025-11-10 16:30,2025-11-10 18:00,LONG,NY_prime,SwingH,4059.35,4074.72,0.2815,False,68.34,4291.45,TIME,6,2025-11
2025-11-11 09:30,2025-11-11 10:00,SHORT,London,RoundNum,4099.55,4103.82,0.1041,False,-34.13,4257.32,SL,2,2025-11
2025-11-11 14:30,2025-11-11 16:00,SHORT,NY_open,SwingH,4134.19,4129.39,0.1688,False,13.01,4270.33,TIME,6,2025-11
2025-11-12 14:45,2025-11-12 16:15,SHORT,NY_open,SwingL,4113.34,4107.31,0.2297,False,19.57,4289.89,TIME,6,2025-11
2025-11-13 14:30,2025-11-13 16:00,LONG,NY_open,SwingH,4205.63,4214.72,0.2494,False,34.56,4324.46,TIME,6,2025-11
2025-11-14 15:15,2025-11-14 16:15,SHORT,NY_open,RoundNum,4198.75,4188.37,0.0989,True,28.79,4353.25,TP2,4,2025-11
2025-11-14 16:30,2025-11-14 17:15,LONG,NY_prime,RoundNum,4195.4,4184.01,0.2714,False,-71.04,4282.2,SL,3,2025-11
2025-11-17 14:45,2025-11-17 16:15,SHORT,NY_open,VWAP,4082.94,4072.27,0.1045,True,30.78,4312.98,TP2,6,2025-11
2025-11-17 16:30,2025-11-17 17:30,SHORT,NY_prime,RoundNum,4055.34,4067.03,0.2882,False,-74.02,4238.96,SL,4,2025-11
2025-11-18 15:15,2025-11-18 16:45,LONG,NY_open,SwingL,4016.83,4017.33,0.3524,False,-8.98,4229.98,TIME,6,2025-11
2025-11-19 09:30,2025-11-19 11:15,LONG,London,VWAP,4067.87,4075.21,0.0722,True,17.4,4247.38,TP2,7,2025-11
2025-11-19 14:45,2025-11-19 16:15,SHORT,NY_open,VWAP,4067.78,4078.74,0.2695,False,-68.91,4178.48,SL,6,2025-11
2025-11-19 16:30,2025-11-19 18:00,SHORT,NY_prime,PrevHigh,4090.46,4086.11,0.2237,False,10.73,4189.2,TIME,6,2025-11
2025-11-21 16:30,2025-11-21 20:00,SHORT,NY_prime,RoundNum,4048.92,4048.92,0.258,True,37.07,4226.28,SL,14,2025-11
2025-11-24 14:30,2025-11-24 15:45,LONG,NY_open,PrevLow,4054.21,4046.18,0.198,False,-53.47,4172.81,SL,5,2025-11
2025-11-25 16:45,2025-11-25 17:15,LONG,NY_prime,RoundNum,4151.09,4144.04,0.17,False,-46.95,4125.86,SL,2,2025-11
2025-11-26 14:45,2025-11-26 16:15,SHORT,NY_open,SwingH,4165.31,4166.78,0.1529,False,-18.65,4107.2,TIME,6,2025-11
2025-11-27 16:30,2025-11-27 17:15,SHORT,NY_prime,RoundNum,4149.19,4154.41,0.126,False,-37.17,4070.04,SL,3,2025-11
2025-12-01 09:00,2025-12-01 10:30,LONG,London,VWAP,4216.41,4218.82,0.0229,True,-2.35,4067.69,TP2,6,2025-12
2025-12-01 16:30,2025-12-01 18:45,LONG,NY_prime,VWAP,4225.14,4242.63,0.1655,True,52.95,4120.63,TP2,9,2025-12
2025-12-03 16:45,2025-12-03 18:15,LONG,NY_prime,VWAP,4208.63,4203.74,0.1306,False,-35.29,4085.34,TIME,6,2025-12
2025-12-04 14:30,2025-12-04 16:00,LONG,NY_open,RoundNum,4195.47,4196.93,0.187,False,-4.13,4081.21,TIME,6,2025-12
2025-12-04 16:30,2025-12-04 18:00,SHORT,NY_prime,SwingL,4185.13,4190.32,0.3655,False,-36.53,4044.67,TIME,6,2025-12
2025-12-05 14:30,2025-12-05 16:00,LONG,NY_open,SwingH,4208.3,4216.06,0.1666,False,26.13,4070.8,TIME,6,2025-12
2025-12-08 16:30,2025-12-08 18:00,LONG,NY_prime,SwingH,4214.67,4215.09,0.2076,False,-9.13,4061.68,TIME,6,2025-12
2025-12-09 14:30,2025-12-09 16:00,SHORT,NY_open,VWAP,4194.14,4186.1,0.1463,False,27.72,4089.4,TIME,6,2025-12
2025-12-09 16:30,2025-12-09 17:45,SHORT,NY_prime,SwingL,4181.79,4181.79,0.1047,True,8.02,4097.41,SL,5,2025-12
2025-12-10 14:30,2025-12-10 16:00,SHORT,NY_open,SwingL,4207.0,4203.7,0.1101,False,4.8,4102.21,TIME,6,2025-12
2025-12-10 16:30,2025-12-10 18:00,LONG,NY_prime,PrevHigh,4211.79,4205.5,0.1968,False,-41.91,4060.3,TIME,6,2025-12
2025-12-11 14:30,2025-12-11 16:00,LONG,NY_open,VWAP,4216.26,4212.5,0.1411,False,-29.27,4031.04,TIME,6,2025-12
2025-12-12 16:45,2025-12-12 19:00,LONG,NY_prime,SwingH,4279.41,4288.18,0.0819,True,20.32,4051.36,TP2,9,2025-12
2025-12-15 16:30,2025-12-15 18:00,LONG,NY_prime,SwingH,4339.42,4342.55,0.2358,False,3.47,4054.83,TIME,6,2025-12
2025-12-16 16:30,2025-12-16 18:00,LONG,NY_prime,SwingL,4279.59,4286.01,0.3068,False,19.24,4074.07,TIME,6,2025-12
2025-12-17 16:30,2025-12-17 17:30,LONG,NY_prime,SwingH,4338.92,4329.47,0.2176,False,-55.53,4018.54,SL,4,2025-12
2025-12-18 16:30,2025-12-18 18:00,LONG,NY_prime,VWAP,4336.97,4332.25,0.1088,False,-32.91,3985.63,SL,6,2025-12
2025-12-22 09:00,2025-12-22 10:00,SHORT,London,VWAP,4338.62,4340.5,0.0433,False,-19.6,3966.03,SL,4,2025-12
2025-12-22 14:30,2025-12-22 16:00,LONG,NY_open,SwingH,4390.85,4401.68,0.0987,True,26.32,3992.35,TP2,6,2025-12
2025-12-22 16:30,2025-12-22 17:45,SHORT,NY_prime,RoundNum,4402.35,4410.83,0.1926,False,-49.43,3942.92,SL,5,2025-12
2025-12-29 09:30,2025-12-29 10:45,LONG,London,VWAP,4532.69,4532.69,0.0156,True,-8.07,3934.85,SL,5,2025-12
2025-12-29 16:45,2025-12-29 17:45,SHORT,NY_prime,PrevLow,4506.92,4477.13,0.2644,True,88.52,4023.36,TP2,4,2025-12
2025-12-30 16:30,2025-12-30 18:30,SHORT,NY_prime,SwingH,4374.37,4374.37,0.1649,True,18.76,4042.12,SL,8,2025-12
2025-12-31 14:30,2025-12-31 15:30,LONG,NY_open,RoundNum,4351.72,4344.34,0.1694,False,-45.36,3996.76,SL,4,2025-12
2025-12-31 16:30,2025-12-31 17:45,SHORT,NY_prime,SwingL,4324.53,4324.53,0.4937,True,62.98,4059.74,SL,5,2025-12
2026-01-02 09:00,2026-01-02 10:15,LONG,London,VWAP,4315.19,4316.73,0.0142,True,-5.67,4054.06,TP2,5,2026-01
2026-01-02 14:45,2026-01-02 16:15,LONG,NY_open,SwingH,4374.81,4377.76,0.117,False,2.53,4056.59,TIME,6,2026-01
2026-01-05 09:15,2026-01-05 10:00,SHORT,London,SwingL,4330.38,4331.31,0.0215,False,-15.51,4041.08,SL,3,2026-01
2026-01-05 14:45,2026-01-05 16:15,SHORT,NY_open,PrevHigh,4402.37,4411.6,0.2435,False,-53.47,3987.61,TIME,6,2026-01
2026-01-06 09:30,2026-01-06 09:45,LONG,London,RoundNum,4449.92,4447.73,0.0492,False,-20.78,3966.83,SL,1,2026-01
2026-01-06 15:00,2026-01-06 16:30,SHORT,NY_open,SwingH,4466.49,4463.02,0.105,False,4.5,3971.33,TIME,6,2026-01
2026-01-06 16:30,2026-01-06 18:00,SHORT,NY_prime,SwingH,4463.02,4468.76,0.2712,False,-36.48,3934.85,TIME,6,2026-01
2026-01-07 14:30,2026-01-07 15:00,LONG,NY_open,PrevHigh,4477.89,4473.61,0.0957,False,-29.65,3905.2,SL,2,2026-01
2026-01-07 16:30,2026-01-07 18:00,SHORT,NY_prime,RoundNum,4450.57,4450.42,0.4609,False,-8.73,3896.47,TIME,6,2026-01
2026-01-08 14:45,2026-01-08 15:30,LONG,NY_open,PrevLow,4440.59,4435.44,0.1161,False,-33.33,3863.14,SL,3,2026-01
2026-01-08 16:30,2026-01-08 17:30,SHORT,NY_prime,SwingL,4417.17,4427.17,0.2263,False,-54.33,3808.81,SL,4,2026-01
2026-01-09 16:30,2026-01-09 17:30,SHORT,NY_prime,PrevHigh,4467.46,4473.82,0.1424,False,-37.59,3771.22,SL,4,2026-01
2026-01-12 09:15,2026-01-12 10:00,SHORT,London,VWAP,4509.84,4510.67,0.0185,False,-13.87,3757.36,SL,3,2026-01
2026-01-13 15:15,2026-01-13 16:45,SHORT,NY_open,SwingH,4597.68,4593.01,0.0841,False,8.77,3766.13,TIME,6,2026-01
2026-01-14 14:30,2026-01-14 16:00,LONG,NY_open,SwingH,4624.05,4634.21,0.2345,False,31.02,3797.15,TIME,6,2026-01
2026-01-14 16:45,2026-01-14 18:15,SHORT,NY_prime,PrevHigh,4621.06,4638.1,0.4321,False,-74.49,3722.66,TIME,6,2026-01
2026-01-16 15:15,2026-01-16 16:30,SHORT,NY_open,RoundNum,4598.8,4602.81,0.0871,False,-26.44,3696.22,SL,5,2026-01
2026-01-16 16:30,2026-01-16 18:00,LONG,NY_prime,VWAP,4606.08,4610.92,0.2906,False,9.27,3705.49,TIME,6,2026-01
2026-01-20 14:45,2026-01-20 15:45,LONG,NY_open,SwingH,4680.38,4693.47,0.1119,True,29.24,3734.73,TP2,4,2026-01
2026-01-20 16:30,2026-01-20 18:00,LONG,NY_prime,SwingH,4705.04,4715.78,0.2359,False,32.37,3767.1,TIME,6,2026-01
2026-01-21 15:15,2026-01-21 17:15,LONG,NY_open,RoundNum,4850.47,4879.86,0.2423,True,76.74,3843.85,TP2,8,2026-01
2026-01-22 16:30,2026-01-22 17:15,LONG,NY_prime,RoundNum,4801.09,4819.66,0.1547,True,46.06,3889.9,TP2,3,2026-01
2026-01-23 14:30,2026-01-23 15:30,SHORT,NY_open,RoundNum,4947.65,4956.4,0.1769,False,-45.1,3844.8,SL,4,2026-01
2026-01-23 16:45,2026-01-23 18:15,SHORT,NY_prime,SwingH,4961.38,4956.25,0.1609,False,9.28,3854.09,TIME,6,2026-01
2026-01-26 09:00,2026-01-26 10:15,LONG,London,PrevLow,4982.41,4991.93,0.0764,True,17.4,3871.48,TP2,5,2026-01
2026-01-27 16:45,2026-01-27 18:15,LONG,NY_prime,SwingH,5083.28,5088.19,0.2477,False,8.02,3879.5,TIME,6,2026-01
2026-01-28 16:30,2026-01-28 18:00,LONG,NY_prime,SwingH,5264.79,5273.52,0.2996,False,21.49,3900.99,TIME,6,2026-01
2026-01-29 16:45,2026-01-29 18:15,LONG,NY_prime,SwingH,5561.97,5542.22,0.3551,False,-80.0,3820.99,SL,6,2026-01
2026-01-30 15:00,2026-01-30 16:30,LONG,NY_open,RoundNum,5216.59,5232.29,0.6975,False,26.95,3847.95,TIME,6,2026-01
2026-02-02 09:00,2026-02-02 10:00,LONG,London,VWAP,4865.4,4862.97,0.0499,False,-20.17,3827.77,SL,4,2026-02
2026-02-02 15:15,2026-02-02 16:45,SHORT,NY_open,RoundNum,4675.95,4571.3,0.8952,True,142.04,3969.81,TP2,6,2026-02
2026-02-03 14:45,2026-02-03 16:15,LONG,NY_open,RoundNum,4809.94,4838.45,0.5772,False,73.97,4043.78,TIME,6,2026-02
2026-02-04 16:45,2026-02-04 18:15,SHORT,NY_prime,SwingH,5079.73,5079.73,0.276,True,39.05,4082.83,SL,6,2026-02
2026-02-05 14:30,2026-02-05 16:00,LONG,NY_open,PrevLow,4868.6,4851.3,0.61,False,-54.96,4027.87,TIME,6,2026-02
2026-02-05 16:45,2026-02-05 17:15,SHORT,NY_prime,RoundNum,4891.71,4915.41,0.4847,False,-89.7,3938.18,SL,2,2026-02
2026-02-06 14:30,2026-02-06 16:00,SHORT,NY_open,VWAP,4806.23,4824.02,0.5628,False,-59.52,3878.65,TIME,6,2026-02
2026-02-06 16:30,2026-02-06 18:00,LONG,NY_prime,RoundNum,4862.47,4850.1,0.5513,False,-43.54,3835.12,TIME,6,2026-02
2026-02-08 09:45,2026-02-08 11:15,LONG,London,RoundNum,4990.78,4991.04,0.6533,False,-5.85,3829.27,TIME,6,2026-02
2026-02-08 14:30,2026-02-08 16:00,LONG,NY_open,SwingH,5003.08,5010.31,0.213,False,17.14,3846.4,TIME,6,2026-02
2026-02-08 16:30,2026-02-08 18:00,LONG,NY_prime,SwingH,5022.29,5019.97,0.3474,False,-19.46,3826.94,TIME,6,2026-02
2026-02-09 09:00,2026-02-09 10:00,LONG,London,PrevHigh,5030.7,5018.65,0.2396,False,-56.36,3770.58,SL,4,2026-02
2026-02-09 14:30,2026-02-09 16:00,LONG,NY_open,PrevHigh,5030.82,5023.57,0.3261,False,-37.54,3733.04,TIME,6,2026-02
2026-02-11 16:30,2026-02-11 18:00,LONG,NY_prime,SwingH,5062.97,5060.83,0.2361,False,-18.18,3714.86,TIME,6,2026-02
2026-02-12 16:30,2026-02-12 17:15,LONG,NY_prime,VWAP,5071.24,5063.27,0.1573,False,-39.42,3675.43,SL,3,2026-02
2026-02-13 15:15,2026-02-13 22:15,SHORT,NY_open,SwingH,4985.64,4947.35,0.3072,True,97.8,3773.24,TP2,28,2026-02
2026-02-16 15:00,2026-02-16 16:30,SHORT,NY_open,SwingL,4975.86,4985.66,0.3683,False,-47.53,3725.7,TIME,6,2026-02
2026-02-17 16:30,2026-02-17 17:30,SHORT,NY_prime,SwingL,4883.26,4904.32,0.4312,False,-84.02,3641.68,SL,4,2026-02
2026-02-18 14:45,2026-02-18 15:45,LONG,NY_open,SwingH,4921.03,4933.55,0.1018,True,25.24,3666.92,TP2,4,2026-02
2026-02-19 14:45,2026-02-19 16:15,LONG,NY_open,VWAP,4982.39,4988.96,0.1583,False,14.06,3680.99,TIME,6,2026-02
2026-02-19 16:30,2026-02-19 17:45,LONG,NY_prime,SwingH,4995.93,5018.04,0.1771,True,51.97,3732.96,TP2,5,2026-02
2026-02-20 14:30,2026-02-20 16:00,SHORT,NY_open,SwingL,4989.36,5001.35,0.248,False,-55.11,3677.85,TIME,6,2026-02
2026-02-20 16:30,2026-02-20 16:45,SHORT,NY_prime,RoundNum,4999.93,5006.59,0.1333,False,-34.62,3643.23,SL,1,2026-02
2026-02-20 16:45,2026-02-20 18:15,LONG,NY_prime,SwingH,5011.18,5015.43,0.2794,False,5.41,3648.64,TIME,6,2026-02
2026-02-21 09:00,2026-02-21 10:30,SHORT,London,RoundNum,5098.61,5098.48,0.1342,False,-9.56,3639.08,TIME,6,2026-02
2026-02-23 09:45,2026-02-23 10:15,LONG,London,SwingH,5104.31,5114.35,0.0787,True,17.2,3656.29,TP2,2,2026-02
2026-02-24 14:45,2026-02-24 16:15,SHORT,NY_open,PrevHigh,5171.93,5168.38,0.2445,False,2.52,3658.8,TIME,6,2026-02
2026-02-24 16:45,2026-02-24 17:30,LONG,NY_prime,PrevHigh,5182.37,5170.32,0.2324,False,-52.58,3606.23,SL,3,2026-02
2026-02-25 16:30,2026-02-25 17:00,LONG,NY_prime,RoundNum,5202.83,5192.28,0.2029,False,-46.5,3559.72,SL,2,2026-02
2026-02-26 14:30,2026-02-26 14:45,SHORT,NY_open,VWAP,5186.49,5192.33,0.1124,False,-29.8,3529.92,SL,1,2026-02
2026-02-26 14:45,2026-02-26 16:15,LONG,NY_open,VWAP,5192.7,5200.26,0.1986,False,15.96,3545.89,TIME,6,2026-02
2026-02-26 16:30,2026-02-26 17:15,LONG,NY_prime,RoundNum,5200.52,5196.36,0.0801,False,-23.96,3521.93,SL,3,2026-02
2026-02-27 16:45,2026-02-27 17:45,LONG,NY_prime,SwingH,5199.05,5189.97,0.1745,False,-40.41,3481.51,SL,4,2026-02
2026-03-03 16:30,2026-03-03 17:00,SHORT,NY_prime,VWAP,5345.1,5303.58,0.3107,True,93.81,3575.32,TP2,2,2026-03
2026-03-05 16:30,2026-03-05 17:00,SHORT,NY_prime,SwingL,5166.32,5142.23,0.1865,True,53.72,3629.04,TP2,2,2026-03
2026-03-09 09:15,2026-03-09 09:30,LONG,London,RoundNum,5154.9,5123.6,0.6072,False,-79.16,3549.89,SL,1,2026-03
2026-03-09 09:45,2026-03-09 10:30,LONG,London,SwingL,5130.03,5093.07,0.7204,False,-76.42,3473.47,SL,3,2026-03
2026-03-09 16:30,2026-03-09 18:00,LONG,NY_prime,SwingH,5117.25,5098.99,0.4906,False,-58.32,3415.15,TIME,6,2026-03
2026-03-10 09:00,2026-03-10 10:30,SHORT,London,SwingH,5131.92,5141.34,0.5704,False,-28.55,3386.59,TIME,6,2026-03
2026-03-11 09:15,2026-03-11 10:45,SHORT,London,PrevHigh,5192.03,5196.8,0.147,False,-24.86,3361.73,TIME,6,2026-03
2026-03-11 14:30,2026-03-11 16:00,LONG,NY_open,VWAP,5207.7,5204.85,0.1297,False,-18.45,3343.28,TIME,6,2026-03
2026-03-11 16:30,2026-03-11 18:00,LONG,NY_prime,RoundNum,5199.99,5198.18,0.1545,False,-15.01,3328.27,TIME,6,2026-03
2026-03-12 09:00,2026-03-12 09:45,SHORT,London,VWAP,5175.72,5152.64,0.1784,True,47.42,3375.69,TP2,3,2026-03
2026-03-12 09:45,2026-03-12 11:15,SHORT,London,RoundNum,5139.82,5156.02,0.5905,False,-42.32,3333.37,TIME,6,2026-03
2026-03-12 14:30,2026-03-12 15:30,LONG,NY_open,RoundNum,5152.86,5145.61,0.1407,False,-32.62,3300.75,SL,4,2026-03
2026-03-12 16:30,2026-03-12 18:00,LONG,NY_prime,RoundNum,5153.39,5168.82,0.2449,False,40.33,3341.08,TIME,6,2026-03
2026-03-13 14:45,2026-03-13 15:15,LONG,NY_open,VWAP,5116.28,5109.14,0.1397,False,-32.52,3308.56,SL,2,2026-03
2026-03-13 15:15,2026-03-13 16:45,SHORT,NY_open,VWAP,5106.25,5104.02,0.2077,False,-1.86,3306.7,TIME,6,2026-03
2026-03-13 16:45,2026-03-13 17:15,LONG,NY_prime,RoundNum,5104.02,5096.84,0.1406,False,-32.34,3274.36,SL,2,2026-03
2026-03-16 09:00,2026-03-16 10:15,LONG,London,VWAP,5023.51,5000.2,0.4641,False,-73.25,3201.11,SL,5,2026-03
2026-03-16 14:30,2026-03-16 16:00,LONG,NY_open,VWAP,5016.13,5012.63,0.1853,False,-19.94,3181.17,TIME,6,2026-03
2026-03-16 16:30,2026-03-16 18:00,LONG,NY_prime,VWAP,5016.14,5011.39,0.2794,False,-23.83,3157.34,TIME,6,2026-03
2026-03-17 09:00,2026-03-17 10:30,SHORT,London,VWAP,5004.04,5011.28,0.2587,False,-31.52,3125.82,TIME,6,2026-03
2026-03-17 16:30,2026-03-17 17:00,SHORT,NY_prime,PrevHigh,5034.08,5018.61,0.1229,True,27.95,3153.78,TP2,2,2026-03
2026-03-18 09:30,2026-03-18 11:00,SHORT,London,SwingL,4997.16,5003.01,0.117,False,-27.13,3126.65,SL,6,2026-03
2026-03-18 16:30,2026-03-18 18:00,LONG,NY_prime,RoundNum,5000.64,5010.5,0.2743,False,22.21,3148.86,TIME,6,2026-03
2026-03-19 09:15,2026-03-19 10:45,LONG,London,SwingL,4819.07,4836.74,0.33,False,49.09,3197.95,TIME,6,2026-03
2026-03-19 14:45,2026-03-19 16:15,SHORT,NY_open,RoundNum,4851.71,4847.45,0.1685,False,5.23,3203.18,TIME,6,2026-03
2026-03-19 16:45,2026-03-19 17:45,SHORT,NY_prime,SwingL,4828.63,4797.78,0.2556,True,69.33,3272.51,TP2,4,2026-03
2026-03-20 09:00,2026-03-20 09:45,LONG,London,SwingH,4669.58,4644.53,0.5365,False,-72.16,3200.36,SL,3,2026-03
2026-03-20 16:45,2026-03-20 18:15,SHORT,NY_prime,RoundNum,4688.32,4687.45,0.5307,False,-4.41,3195.95,TIME,6,2026-03
2026-03-23 09:15,2026-03-23 09:45,LONG,London,SwingH,4530.15,4501.04,0.6427,False,-69.39,3126.56,SL,2,2026-03
2026-03-23 09:45,2026-03-23 11:15,SHORT,London,PrevLow,4493.62,4439.09,0.4854,True,112.72,3239.27,TP2,6,2026-03
2026-03-23 14:30,2026-03-23 15:30,SHORT,NY_open,RoundNum,4340.13,4375.19,0.8079,False,-69.2,3170.08,SL,4,2026-03
2026-03-23 16:30,2026-03-23 17:30,SHORT,NY_prime,SwingL,4325.04,4219.54,0.9756,True,117.96,3288.04,TP2,4,2026-03
2026-03-24 09:00,2026-03-24 10:30,LONG,London,RoundNum,4399.17,4431.04,1.0016,False,43.95,3332.0,TIME,6,2026-03
2026-03-24 14:30,2026-03-24 16:00,SHORT,NY_open,RoundNum,4340.41,4338.38,0.7973,False,-0.69,3331.31,TIME,6,2026-03
2026-03-24 16:45,2026-03-24 17:15,SHORT,NY_prime,RoundNum,4346.69,4372.35,0.5904,False,-72.83,3258.47,SL,2,2026-03
2026-03-25 09:00,2026-03-25 10:45,LONG,London,SwingH,4484.02,4530.39,0.4137,True,116.17,3374.64,TP2,7,2026-03
2026-03-26 16:30,2026-03-26 17:00,SHORT,NY_prime,SwingL,4487.81,4455.28,0.2899,True,84.19,3458.83,TP2,2,2026-03
2026-03-27 09:00,2026-03-27 10:30,LONG,London,RoundNum,4401.78,4398.56,0.6333,False,-14.0,3444.84,TIME,6,2026-03
2026-03-27 16:30,2026-03-27 18:00,LONG,NY_prime,RoundNum,4468.58,4454.3,0.667,False,-38.69,3406.15,TIME,6,2026-03
2026-03-30 09:15,2026-03-30 09:45,LONG,London,SwingH,4510.14,4491.11,0.4219,False,-77.0,3329.14,SL,2,2026-03
2026-03-30 14:45,2026-03-30 16:15,SHORT,NY_open,VWAP,4496.61,4505.92,0.3548,False,-43.66,3285.49,TIME,6,2026-03
2026-03-30 16:45,2026-03-30 18:15,LONG,NY_prime,SwingH,4522.54,4522.65,0.392,False,-8.66,3276.83,TIME,6,2026-03
2026-03-31 16:45,2026-03-31 18:15,SHORT,NY_prime,PrevHigh,4568.36,4554.52,0.367,False,40.64,3317.47,TIME,6,2026-03
2026-04-01 09:30,2026-04-01 11:00,LONG,London,SwingH,4687.89,4701.31,0.3907,False,38.39,3355.86,TIME,6,2026-04
2026-04-01 16:30,2026-04-01 18:00,LONG,NY_prime,RoundNum,4701.95,4715.74,0.4227,False,37.83,3393.69,TIME,6,2026-04
2026-04-02 09:15,2026-04-02 10:45,LONG,London,VWAP,4772.59,4784.99,0.3483,False,34.76,3428.45,TIME,6,2026-04
2026-04-02 16:30,2026-04-02 18:00,SHORT,NY_prime,RoundNum,4633.37,4618.28,1.017,False,18.26,3446.71,TIME,6,2026-04
2026-04-06 09:15,2026-04-06 10:45,SHORT,London,SwingL,4612.97,4622.82,0.5968,False,-31.0,3415.71,TIME,6,2026-04
2026-04-06 14:45,2026-04-06 16:15,LONG,NY_open,VWAP,4659.09,4656.41,0.333,False,-19.2,3396.51,TIME,6,2026-04
2026-04-06 16:30,2026-04-06 18:00,LONG,NY_prime,VWAP,4657.28,4679.31,0.1893,True,51.92,3448.43,TP2,6,2026-04
2026-04-07 14:30,2026-04-07 15:15,LONG,NY_open,SwingH,4662.22,4646.63,0.3343,False,-67.13,3381.3,SL,3,2026-04
2026-04-07 15:15,2026-04-07 16:45,SHORT,NY_open,SwingL,4632.86,4653.79,0.5608,False,-61.09,3320.21,TIME,6,2026-04
2026-04-07 16:45,2026-04-07 17:15,LONG,NY_prime,VWAP,4653.79,4646.29,0.1611,False,-35.87,3284.34,SL,2,2026-04
2026-04-08 09:15,2026-04-08 10:00,SHORT,London,SwingH,4814.15,4833.55,0.403,False,-74.65,3209.69,SL,3,2026-04
2026-04-08 14:45,2026-04-08 15:30,LONG,NY_open,RoundNum,4803.13,4821.65,0.1542,True,38.31,3247.99,TP2,3,2026-04
2026-04-10 09:00,2026-04-10 10:30,SHORT,London,SwingL,4758.76,4755.57,0.1368,False,1.97,3249.96,TIME,6,2026-04
2026-04-10 16:45,2026-04-10 18:15,SHORT,NY_prime,RoundNum,4747.27,4747.08,0.1776,False,-8.3,3241.66,TIME,6,2026-04
2026-04-13 09:15,2026-04-13 10:45,LONG,London,RoundNum,4653.39,4683.06,0.255,True,69.98,3311.65,TP2,6,2026-04
2026-04-13 15:00,2026-04-13 15:45,SHORT,NY_open,VWAP,4719.21,4729.21,0.2118,False,-44.18,3267.47,SL,3,2026-04
2026-04-13 16:30,2026-04-13 17:45,SHORT,NY_prime,VWAP,4726.98,4734.72,0.1638,False,-35.74,3231.73,SL,5,2026-04
2026-04-14 09:00,2026-04-14 09:15,LONG,London,SwingH,4763.37,4757.22,0.1292,False,-29.76,3201.96,SL,1,2026-04
2026-04-14 09:15,2026-04-14 10:30,SHORT,London,PrevHigh,4755.83,4764.77,0.188,False,-38.9,3163.06,SL,5,2026-04
2026-04-14 16:45,2026-04-14 18:15,LONG,NY_prime,SwingH,4781.96,4785.74,0.3292,False,3.81,3166.87,TIME,6,2026-04
2026-04-15 16:30,2026-04-15 18:00,LONG,NY_prime,SwingL,4815.37,4810.36,0.1041,False,-25.19,3141.68,SL,6,2026-04
2026-04-16 09:00,2026-04-16 10:00,LONG,London,SwingH,4812.21,4825.65,0.1117,True,24.76,3166.44,TP2,4,2026-04
2026-04-16 15:00,2026-04-16 16:15,SHORT,NY_open,SwingH,4834.58,4821.82,0.1056,True,23.11,3189.55,TP2,5,2026-04
2026-04-17 09:00,2026-04-17 10:30,SHORT,London,VWAP,4793.09,4797.11,0.0838,False,-22.14,3167.41,SL,6,2026-04
2026-04-17 14:30,2026-04-17 16:00,LONG,NY_open,SwingH,4800.52,4793.7,0.1421,False,-31.21,3136.19,SL,6,2026-04
2026-04-20 09:00,2026-04-20 10:00,SHORT,London,SwingL,4774.65,4754.29,0.1706,True,42.36,3178.55,TP2,4,2026-04
2026-04-21 14:30,2026-04-21 15:15,LONG,NY_open,SwingL,4792.03,4787.43,0.0959,False,-23.98,3154.57,SL,3,2026-04
2026-04-21 16:30,2026-04-21 18:00,LONG,NY_prime,SwingL,4780.29,4775.59,0.1199,False,-24.17,3130.4,TIME,6,2026-04
2026-04-22 09:00,2026-04-22 10:30,LONG,London,SwingH,4728.25,4743.26,0.2477,False,41.07,3171.47,TIME,6,2026-04
2026-04-22 15:15,2026-04-22 16:45,LONG,NY_open,SwingH,4765.63,4767.39,0.2434,False,-2.84,3168.63,TIME,6,2026-04
2026-04-22 16:45,2026-04-22 17:45,LONG,NY_prime,PrevLow,4767.39,4762.41,0.1046,False,-25.28,3143.34,SL,4,2026-04
2026-04-23 09:30,2026-04-23 10:15,SHORT,London,SwingL,4724.25,4724.25,0.0944,True,4.7,3148.04,SL,3,2026-04
2026-04-24 14:30,2026-04-24 21:00,LONG,NY_open,SwingL,4667.44,4695.36,0.2392,True,63.2,3211.24,TP2,26,2026-04
2026-04-27 09:00,2026-04-27 10:30,LONG,London,SwingL,4685.08,4681.94,0.1413,False,-19.58,3191.66,TIME,6,2026-04
2026-04-28 09:15,2026-04-28 11:00,LONG,London,SwingH,4690.86,4690.86,0.0419,True,-2.76,3188.9,SL,7,2026-04
2026-04-28 15:00,2026-04-28 16:30,SHORT,NY_open,RoundNum,4651.86,4630.72,0.3867,False,63.7,3252.59,TIME,6,2026-04
2026-04-28 16:45,2026-04-28 18:00,LONG,NY_prime,SwingL,4628.83,4618.22,0.2292,False,-46.21,3206.38,SL,5,2026-04
2026-04-29 09:45,2026-04-29 11:00,LONG,London,RoundNum,4596.03,4587.16,0.193,False,-39.76,3166.62,SL,5,2026-04
2026-04-30 09:15,2026-04-30 09:45,SHORT,London,SwingH,4552.12,4555.84,0.0818,False,-21.65,3144.97,SL,2,2026-04
2026-04-30 09:45,2026-04-30 13:45,LONG,London,SwingH,4561.22,4561.22,0.1734,True,15.87,3160.84,SL,16,2026-04
2026-04-30 14:45,2026-04-30 15:15,SHORT,NY_open,SwingL,4542.93,4553.22,0.2265,False,-44.5,3116.35,SL,2,2026-04
2026-04-30 16:45,2026-04-30 20:15,LONG,NY_prime,SwingH,4589.97,4634.67,0.3896,True,107.67,3224.02,TP2,14,2026-04
2026-05-01 09:30,2026-05-01 09:45,LONG,London,SwingH,4633.04,4629.33,0.0801,False,-21.77,3202.25,SL,1,2026-05
2026-05-01 14:30,2026-05-01 16:00,SHORT,NY_open,SwingL,4613.49,4602.25,0.169,False,30.2,3232.44,TIME,6,2026-05
2026-05-01 16:30,2026-05-01 18:00,SHORT,NY_prime,SwingL,4593.32,4577.87,0.1345,True,32.5,3264.94,TP2,6,2026-05
2026-05-04 09:00,2026-05-04 10:30,SHORT,London,SwingL,4612.63,4608.1,0.1937,False,7.05,3271.99,TIME,6,2026-05
2026-05-04 14:30,2026-05-04 16:30,SHORT,NY_open,VWAP,4608.02,4589.03,0.1649,True,42.4,3314.39,TP2,8,2026-05
2026-05-04 16:30,2026-05-04 18:00,SHORT,NY_prime,SwingL,4586.4,4577.81,0.2875,False,21.95,3336.34,TIME,6,2026-05
2026-05-06 09:00,2026-05-06 10:30,LONG,London,PrevHigh,4587.56,4610.07,0.4617,False,62.96,3399.3,TIME,6,2026-05
2026-05-06 14:30,2026-05-06 15:00,SHORT,NY_open,RoundNum,4646.2,4654.53,0.1794,False,-39.84,3359.46,SL,2,2026-05
2026-05-06 15:00,2026-05-06 16:30,LONG,NY_open,SwingH,4655.27,4661.25,0.1731,False,12.34,3371.8,TIME,6,2026-05
2026-05-06 16:30,2026-05-06 17:45,SHORT,NY_prime,SwingH,4661.25,4669.66,0.1805,False,-39.7,3332.1,SL,5,2026-05
2026-05-07 09:15,2026-05-07 10:45,SHORT,London,VWAP,4690.71,4688.13,0.2071,False,-0.01,3332.09,TIME,6,2026-05
2026-05-07 14:30,2026-05-07 16:00,LONG,NY_open,RoundNum,4698.34,4708.83,0.1622,False,28.05,3360.14,TIME,6,2026-05
2026-05-07 16:30,2026-05-07 18:00,LONG,NY_prime,RoundNum,4745.8,4746.54,0.8135,False,-3.27,3356.87,TIME,6,2026-05
2026-05-08 09:45,2026-05-08 11:15,LONG,London,RoundNum,4703.86,4714.37,0.2008,False,28.28,3385.15,TIME,6,2026-05
2026-05-08 14:30,2026-05-08 15:30,SHORT,NY_open,VWAP,4709.53,4720.73,0.2378,False,-49.55,3335.6,SL,4,2026-05
2026-05-11 14:30,2026-05-11 15:30,LONG,NY_open,SwingL,4673.4,4665.41,0.171,False,-37.69,3297.91,SL,4,2026-05
2026-05-12 09:15,2026-05-12 10:45,LONG,London,SwingH,4753.21,4753.21,0.128,True,9.92,3307.83,SL,6,2026-05
2026-05-12 14:45,2026-05-12 16:15,SHORT,NY_open,SwingL,4714.96,4697.77,0.2732,False,51.19,3359.02,TIME,6,2026-05
2026-05-12 16:45,2026-05-12 18:15,SHORT,NY_prime,RoundNum,4698.17,4702.93,0.2117,False,-26.23,3332.79,TIME,6,2026-05
2026-05-13 09:00,2026-05-13 10:30,SHORT,London,SwingH,4718.89,4723.17,0.1276,False,-24.3,3308.49,TIME,6,2026-05
2026-05-13 14:30,2026-05-13 15:00,SHORT,NY_open,VWAP,4699.36,4704.78,0.1153,False,-28.17,3280.32,SL,2,2026-05
2026-05-13 15:00,2026-05-13 16:30,LONG,NY_open,RoundNum,4705.13,4711.15,0.1681,False,11.98,3292.3,TIME,6,2026-05
2026-05-14 09:00,2026-05-14 09:15,LONG,London,SwingH,4702.22,4697.9,0.0919,False,-24.18,3268.12,SL,1,2026-05
2026-05-14 09:15,2026-05-14 10:45,SHORT,London,RoundNum,4697.33,4703.13,0.1235,False,-29.16,3238.96,SL,6,2026-05
2026-05-14 14:30,2026-05-14 16:00,SHORT,NY_open,RoundNum,4704.27,4687.29,0.2443,False,49.56,3288.52,TIME,6,2026-05
2026-05-14 16:30,2026-05-14 17:45,LONG,NY_prime,VWAP,4695.45,4695.45,0.1682,True,15.83,3304.35,SL,5,2026-05
2026-05-15 15:00,2026-05-15 16:30,SHORT,NY_open,RoundNum,4590.17,4571.54,0.4192,False,55.3,3359.65,TIME,6,2026-05
2026-05-18 09:30,2026-05-18 10:00,LONG,London,VWAP,4539.59,4531.57,0.1767,False,-38.93,3320.72,SL,2,2026-05
2026-05-18 14:30,2026-05-18 16:00,LONG,NY_open,PrevHigh,4539.53,4536.26,0.32,False,-21.08,3299.64,TIME,6,2026-05
2026-05-18 16:30,2026-05-18 17:30,SHORT,NY_prime,VWAP,4535.39,4547.58,0.2689,False,-53.44,3246.21,SL,4,2026-05
2026-05-19 09:00,2026-05-19 10:30,LONG,London,PrevHigh,4584.84,4571.21,0.3264,False,-57.15,3189.05,TIME,6,2026-05
2026-05-19 15:15,2026-05-19 16:45,LONG,NY_open,SwingL,4540.07,4548.01,0.2151,False,19.1,3208.15,TIME,6,2026-05
2026-05-19 16:45,2026-05-19 17:45,SHORT,NY_prime,RoundNum,4548.01,4555.32,0.1607,False,-34.6,3173.55,SL,4,2026-05
2026-05-20 09:30,2026-05-20 11:00,LONG,London,VWAP,4496.13,4492.37,0.2604,False,-21.99,3151.57,TIME,6,2026-05
2026-05-20 15:00,2026-05-20 16:30,LONG,NY_open,PrevLow,4468.89,4466.09,0.265,False,-18.56,3133.01,TIME,6,2026-05
2026-05-20 16:30,2026-05-20 17:00,SHORT,NY_prime,PrevLow,4466.09,4476.72,0.2381,False,-45.92,3087.09,SL,2,2026-05
2026-05-21 09:15,2026-05-21 09:30,SHORT,London,VWAP,4534.94,4541.63,0.1476,False,-31.28,3055.82,SL,1,2026-05
