date,dir,entry,exit,pnl,reason,score,bars,bear_period
2024-01-31,LONG,2048.3501,2050.18994,203.1530720210509,SESS,6.0,2,False
2024-02-05,SHORT,2017.53003,2019.3364637005418,-306.09459216063664,SL,-2.0,1,False
2024-02-05,SHORT,2017.90002,2020.3693011361618,-296.9117543958129,SL,-2.0,2,False
2024-02-07,LONG,2038.38,2035.68994,-309.0815053814398,SESS,10.0,3,False
2024-02-08,SHORT,2023.13,2025.0126387132852,-278.731956602511,SL,-2.0,1,False
2024-02-08,SHORT,2028.43005,2030.8600959295827,-270.3699979044078,SL,-2.0,2,False
2024-02-09,SHORT,2029.77002,2023.60999,592.3337652179101,TIME,-6.0,6,False
2024-02-14,SHORT,1990.34998,1991.9581586725337,-289.4702312506513,SL,-10.0,2,False
2024-02-14,SHORT,1989.29004,1991.489604988146,-280.786124313136,SL,-10.0,2,False
2024-02-21,LONG,2029.46997,2028.0933254906356,-272.362540583714,SL,6.0,2,False
2024-02-23,LONG,2025.38,2030.3618131409244,669.2855497277671,TP2,2.0,6,False
2024-02-29,LONG,2047.85999,2045.397723580616,-284.270230858043,SL,2.0,5,False
2024-02-29,LONG,2044.89001,2045.40002,65.66727731967615,SESS,2.0,1,False
2024-03-01,LONG,2051.67993,2049.8649237290956,-277.7121422519154,SL,6.0,1,False
2024-03-05,LONG,2128.53003,2128.53003,323.2569335812116,SL,6.0,5,False
2024-03-06,LONG,2140.40991,2146.86011,548.7097183148137,SESS,6.0,4,False
2024-03-08,LONG,2169.63989,2177.15991,456.4531303455344,TIME,10.0,6,False
2024-03-11,LONG,2181.28003,2184.38989,376.06241266205336,TIME,6.0,6,False
2024-03-11,LONG,2181.46997,2183.19995,257.6113326441725,SESS,6.0,1,False
2024-03-19,SHORT,2151.8501,2154.122657343808,-348.3372348022031,SL,-6.0,2,False
2024-03-19,SHORT,2152.73999,2154.8130607863504,-337.88711775810276,SL,-6.0,3,False
2024-03-27,LONG,2190.34009,2191.8501,206.62553472805493,SESS,6.0,4,False
2024-03-28,LONG,2206.87988,2214.31006,645.2661316548965,TIME,6.0,6,False
2024-04-02,LONG,2265.8999,2261.3043769450915,-365.3294279464732,SL,2.0,1,False
2024-04-03,LONG,2276.13989,2287.1487180912604,897.7361809405019,TP2,6.0,4,False
2024-04-04,LONG,2292.97998,2289.7130606264654,-381.3016305363258,SL,10.0,5,False
2024-04-09,LONG,2352.88989,2347.6524945543647,-369.86258162021255,SL,2.0,1,False
2024-04-12,LONG,2411.18994,2404.331669832201,-358.76670417161944,SL,2.0,1,False
2024-04-25,SHORT,2321.26001,2325.764439464806,-348.0037030464528,SL,-2.0,1,False
2024-05-06,LONG,2322.97998,2319.264899529967,-337.5635919550578,SL,2.0,6,False
2024-05-08,LONG,2313.77002,2316.76001,538.1460469762071,TIME,6.0,6,False
2024-05-09,LONG,2329.40991,2330.51001,83.16525663718254,TIME,2.0,6,False
2024-05-09,LONG,2331.42993,2332.27002,87.63975714975989,SESS,2.0,0,False
2024-05-14,LONG,2350.6499,2351.40991,72.5827998943041,TIME,10.0,6,False
2024-05-14,LONG,2349.02002,2353.44995,575.614792273762,SESS,10.0,1,False
2024-05-21,LONG,2427.57007,2424.2892288595913,-379.9388644154279,SL,2.0,5,False
2024-05-24,SHORT,2339.27002,2334.26001,704.8393073057234,TIME,-2.0,6,False
2024-05-31,LONG,2342.21997,2337.879727314491,-402.95334284749975,SL,6.0,1,False
2024-07-03,LONG,2358.6001,2363.1001,467.0655493071624,TIME,10.0,6,False
2024-07-03,LONG,2360.96997,2358.166050572798,-404.87670904130687,SL,10.0,2,False
2024-07-05,LONG,2378.27002,2384.81006,684.1417938551924,TIME,10.0,6,False
2024-07-08,LONG,2375.1001,2372.4638756046393,-427.3929562654566,SL,10.0,2,False
2024-07-09,LONG,2362.69995,2359.27946848775,-414.5711675774696,SL,6.0,2,False
2024-07-11,LONG,2413.57007,2412.62012,-89.39931459932393,SESS,10.0,1,False
2024-07-17,LONG,2469.36011,2464.10866137992,-399.4520531121961,SL,6.0,2,False
2024-07-18,LONG,2464.13989,2461.316213423058,-387.46849151884186,SL,6.0,1,False
2024-07-19,SHORT,2404.27002,2398.77002,522.8590060010533,SESS,-2.0,5,False
2024-07-22,SHORT,2394.1499,2386.02002,876.8644782499896,TIME,-2.0,6,False
2024-07-22,SHORT,2388.36011,2391.153642113735,-431.9312287510975,SL,-2.0,1,False
2024-07-25,SHORT,2366.31006,2363.22998,253.42778467138098,TIME,-2.0,6,False
2024-07-25,SHORT,2363.93994,2363.42993,57.74836831491486,SESS,-2.0,0,False
2024-07-30,LONG,2391.77002,2388.9283940938003,-428.3085764781403,SL,2.0,1,False
2024-07-31,LONG,2422.6499,2427.1499,642.8639522238261,TIME,6.0,6,False
2024-08-01,LONG,2451.31006,2446.452844815601,-434.74523775052444,SL,10.0,1,False
2024-08-01,LONG,2445.94995,2438.65991,-717.4873275357484,SESS,10.0,2,False
2024-08-12,LONG,2448.65991,2458.7343758704546,1013.7849273395684,TP2,10.0,3,False
2024-08-13,LONG,2472.1001,2468.628397531331,-430.59180861212883,SL,6.0,1,False
2024-08-13,LONG,2471.060059,2467.904513476392,-417.674054353734,SL,6.0,2,False
2024-08-20,LONG,2527.88989,2524.354748099105,-405.14383272313506,SL,10.0,1,False
2024-09-03,SHORT,2481.3999,2484.31006,-228.68825605500416,TIME,-2.0,6,False
2024-09-03,SHORT,2486.1499,2487.23999,-126.39511803882715,SESS,-2.0,0,False
2024-09-05,LONG,2513.81006,2513.81006,458.8044198223661,SL,2.0,2,False
2024-09-09,SHORT,2497.18994,2499.888578848298,-409.86528170796174,SL,-2.0,2,False
2024-09-12,LONG,2544.42993,2553.43994,754.3245613091171,TIME,2.0,6,False
2024-09-12,LONG,2547.060059,2552.71997,575.6939364376949,SESS,2.0,2,False
2024-09-13,LONG,2577.40991,2574.118363747805,-451.78237382637764,SL,6.0,4,False
2024-09-13,LONG,2577.36011,2583.72998,878.4583037749658,SESS,6.0,5,False
2024-09-18,SHORT,2571.1001,2572.48999,-273.99178469561764,SESS,-2.0,2,False
2024-09-20,LONG,2611.96997,2623.3347529607145,1196.085817984243,TP2,2.0,3,False
2024-09-23,LONG,2630.47998,2627.3477719708576,-508.02171321751865,SL,6.0,1,False
2024-09-23,LONG,2629.43994,2626.785671191099,-492.7810618209814,SL,6.0,1,False
2024-09-25,LONG,2663.40991,2660.4881281034754,-477.99762996640413,SL,10.0,3,False
2024-09-25,LONG,2660.38989,2657.021818480906,-463.65770106739024,SL,10.0,1,False
2024-10-02,LONG,2656.22998,2652.5843437148123,-449.74797003533445,SL,6.0,1,False
2024-10-09,SHORT,2609.88989,2612.9026814835374,-436.25553093428897,SL,-2.0,1,False
2024-10-09,SHORT,2611.21997,2607.65991,505.55267843912276,SESS,-2.0,1,False
2024-10-16,LONG,2678.59009,2675.139413845905,-438.33444535946353,SL,10.0,2,False
2024-10-17,LONG,2690.22998,2686.802218211432,-425.1844119986537,SL,6.0,2,False
2024-10-18,LONG,2714.6001,2718.37988,502.7772197342035,SESS,2.0,4,False
2024-10-25,LONG,2737.15991,2734.1182292243866,-427.51219623073905,SL,6.0,2,False
2024-11-13,SHORT,2605.46997,2591.2128543446283,1050.5399702043046,TP2,-10.0,3,False
2024-11-19,LONG,2629.8999,2626.221558406928,-446.20302944994916,SL,2.0,1,False
2024-12-02,LONG,2647.8501,2644.363907696714,-432.81693856640845,SL,2.0,2,False
2024-12-02,LONG,2645.48999,2641.710720402288,-419.83243040943364,SL,2.0,2,False
2024-12-04,LONG,2650.6001,2651.13989,68.22061856881095,SESS,6.0,0,False
2024-12-06,SHORT,2634.65991,2639.3118788482598,-409.2840760542103,SL,-2.0,3,False
2024-12-10,LONG,2685.92993,2693.48999,1040.1618176039042,SESS,2.0,4,False
2024-12-13,SHORT,2663.43994,2660.69995,669.9602705996733,TIME,-2.0,6,False
2024-12-13,SHORT,2660.1001,2663.4587869553907,-463.72479111752284,SL,-2.0,1,False
2024-12-18,SHORT,2638.8501,2635.68994,814.7585958661693,SESS,-6.0,2,False
2024-12-19,SHORT,2599.30005,2587.088262453886,1242.4709899133677,TP2,-10.0,6,False
2024-12-19,SHORT,2593.97998,2591.6001,366.3983337655152,SESS,-10.0,0,False
2024-12-23,SHORT,2616.030029,2614.56006,284.7873506897584,SESS,-2.0,0,False
2024-12-24,SHORT,2614.3501,2615.9513338787,-547.2587751968739,SL,-6.0,1,False
2024-12-24,SHORT,2613.8501,2615.752073545572,-530.8410119409291,SL,-6.0,1,False
2025-01-08,LONG,2661.8999,2666.47998,784.583324703127,TIME,2.0,6,False
2025-01-09,LONG,2672.71997,2670.0203490710865,-538.4532813237871,SL,2.0,1,False
2025-01-09,LONG,2673.26001,2670.1926681335167,-522.2996828841315,SL,2.0,3,False
2025-01-14,SHORT,2663.19995,2666.4431157584086,-506.63069239762433,SL,-2.0,2,False
2025-01-15,LONG,2688.69995,2685.1809771555268,-491.4317716256764,SL,10.0,2,False
2025-01-16,LONG,2715.71997,2721.72998,849.9591259773542,SESS,6.0,4,False
2025-01-22,LONG,2754.1001,2751.2080857750548,-502.18759225625297,SL,10.0,2,False
2025-01-24,LONG,2778.62988,2778.62988,584.5463573862305,SL,6.0,5,False
2025-01-30,LONG,2783.90991,2783.90991,626.6336951180692,SL,2.0,2,False
2025-01-31,LONG,2809.17993,2806.387020415922,-559.7927676388056,SL,10.0,2,False
2025-02-04,LONG,2832.87988,2843.847798652985,1375.597427677694,TP2,6.0,4,False
2025-02-04,LONG,2835.8999,2842.12988,893.2156789377043,SESS,6.0,4,False
2025-02-05,LONG,2868.83008,2864.562234443604,-611.0633778080914,SL,10.0,1,False
2025-02-07,LONG,2871.5,2866.5878559690204,-592.7314764738292,SL,2.0,1,False
2025-02-12,LONG,2889.01001,2897.44995,889.5468589868452,TIME,2.0,6,False
2025-02-21,LONG,2930.37988,2930.37988,721.9631255390999,SL,10.0,2,False
2025-02-28,SHORT,2850.040039,2848.55005,190.20252362110338,SESS,-6.0,3,False
2025-03-07,LONG,2915.87988,2911.13989,-540.2139263065941,SESS,2.0,3,False
2025-03-11,LONG,2915.45996,2919.41992,698.4079057246875,SESS,2.0,5,False
2025-03-17,LONG,2994.47998,2997.33008,662.3253974799312,SESS,6.0,0,False
2025-03-18,LONG,3029.17993,3031.82007,410.0620784634552,TIME,10.0,6,False
2025-03-20,LONG,3034.96997,3037.21997,488.4604750319894,SESS,6.0,0,False
2025-03-31,LONG,3115.6499,3119.36011,502.5996542985442,SESS,6.0,4,False
2025-04-02,LONG,3124.12988,3127.5,547.3647895721624,TIME,2.0,6,False
2025-04-02,LONG,3125.76001,3129.58008,1189.174172622906,SESS,2.0,3,False
2025-05-02,SHORT,3251.81,3258.7995034280534,-795.8194973238582,SL,-6.0,2,False
2025-05-06,LONG,3386.24,3403.96,1845.0870796891568,TIME,2.0,6,False
2025-05-08,LONG,3360.34,3354.1304485001956,-855.0875416414124,SL,2.0,1,False
2025-05-08,LONG,3358.04,3351.6100894738584,-829.4349153921622,SL,2.0,1,False
2025-05-13,SHORT,3232.22,3238.4098323359226,-804.5518679303651,SL,-6.0,1,False
2025-05-14,SHORT,3185.53,3186.41,-106.61787435736643,SESS,-2.0,5,False
2025-05-21,LONG,3305.72,3311.01,895.0791566054979,SESS,6.0,0,False
2025-05-29,LONG,3314.5,3326.05,1650.7023916994065,TIME,2.0,6,False
2025-07-01,LONG,3349.12012,3343.6289135451443,-882.536711523825,SL,6.0,2,False
2025-07-21,LONG,3396.09,3395.5,-139.92209012883689,TIME,2.0,6,False
2025-07-25,SHORT,3340.42,3340.42,1022.2355369691076,SL,-2.0,2,False
2025-07-25,SHORT,3340.99,3333.31006,1530.8440997865812,SESS,-2.0,2,False
2025-07-29,SHORT,3324.75,3327.757718582443,-991.9974975548827,SL,-10.0,1,False
2025-08-04,LONG,3378.61,3375.637463631262,-962.2375726283192,SL,6.0,3,False
2025-08-04,LONG,3376.4,3374.0777603974802,-933.3704454494933,SL,6.0,4,False
2025-08-05,LONG,3380.6,3377.168550059685,-905.3693320858993,SL,6.0,1,False
2025-08-06,LONG,3375.99,3375.86,-45.86398344006989,SESS,6.0,4,False
2025-08-07,LONG,3382.81,3382.01,-250.5245644849352,SESS,6.0,5,False
2025-08-15,SHORT,3332.43,3335.081976150732,-869.3165956856141,SL,-6.0,2,False
2025-08-15,SHORT,3334.84,3328.96,1914.8262923455668,SESS,-6.0,5,False
2025-08-21,LONG,3335.71,3332.9429926766265,-931.038422106847,SL,6.0,1,False
2025-08-21,LONG,3335.84,3333.5,-773.5670060163874,SESS,6.0,3,False
2025-08-22,LONG,3351.95,3359.92,1807.98194551778,SESS,2.0,3,False
2025-08-25,LONG,3360.29,3363.14,2103.1324951170313,SESS,10.0,4,False
2025-08-28,LONG,3404.02,3412.4480044523257,2526.325354287977,TP2,2.0,4,False
2025-09-03,LONG,3566.95,3573.87,2058.7366012817397,TIME,2.0,6,False
2025-09-04,LONG,3553.02,3548.513959194846,-1173.414395461238,SL,6.0,1,False
2025-09-04,LONG,3553.42,3559.78,1956.5698443885199,SESS,6.0,5,False
2025-09-05,LONG,3585.28,3594.25,1507.9662893047778,TIME,2.0,6,False
2025-09-08,LONG,3636.53,3642.43,2246.5968437981446,TIME,10.0,6,False
2025-09-11,LONG,3627.08,3636.45,2560.773472522006,TIME,10.0,6,False
2025-09-17,LONG,3694.2,3691.6705112544946,-1523.8189455030065,SL,6.0,1,False
2025-09-18,SHORT,3648.97,3644.36,1212.88409663116,TIME,-2.0,6,False
2025-09-18,SHORT,3645.75,3649.96,-1406.2956581085716,SESS,-2.0,3,False
2025-09-23,LONG,3785.14,3780.374384664276,-1472.3020302936254,SL,6.0,1,False
2025-09-26,LONG,3779.49,3784.68,1587.5775597361287,SESS,2.0,1,False
2025-09-29,LONG,3835.49,3839.84,1177.256438551683,TIME,6.0,6,False
2025-09-29,LONG,3836.95,3840.51,1296.4530438375216,SESS,6.0,0,False
2025-09-30,LONG,3845.17,3845.62,89.19737299418,TIME,10.0,6,False
2025-10-03,LONG,3879.68,3888.41,2106.7196675143814,TIME,6.0,6,False
2025-10-06,LONG,3960.16,3960.16,1939.0189102366137,SL,2.0,3,False
2025-10-07,LONG,3984.18,3997.11,3799.4177713215004,SESS,2.0,4,False
2025-10-08,LONG,4056.85,4076.474538756446,4676.970991031509,TP2,2.0,6,False
2025-10-13,LONG,4100.47,4115.25,3984.1743706099714,SESS,6.0,5,False
2025-10-14,LONG,4143.37,4161.26,5269.069452685994,SESS,2.0,2,False
2025-10-15,LONG,4218.79,4211.067578262068,-2335.59255206398,SL,6.0,4,False
2025-10-22,SHORT,4049.83,4063.898514544371,-2265.5247755021846,SL,-2.0,1,False
2025-10-27,SHORT,3990.16,3992.62,-477.3896247156098,SESS,-6.0,2,False
2025-11-04,SHORT,3970.74,3950.43565340311,5530.8679368556295,TP2,-6.0,1,False
2025-11-04,SHORT,3961.36,3956.78,1011.7357683689827,SESS,-6.0,4,False
2025-11-10,LONG,4082.64,4076.915925076273,-2379.515454652429,SL,6.0,1,False
2025-11-10,LONG,4083.65,4077.9329107378458,-2308.1299910128732,SL,6.0,1,False
2025-11-28,LONG,4190.01807,4205.39043,4890.176747808202,TIME,10.0,6,False
2025-12-01,LONG,4245.88941,4239.762426272256,-2466.1912930028716,SL,6.0,1,False
2025-12-02,LONG,4217.43473,4211.2925085715415,-2392.2055542125972,SL,2.0,2,False
2025-12-03,LONG,4225.04317,4225.04317,2784.5272651037335,SL,6.0,3,False
2025-12-03,LONG,4221.37706,4211.67666,-2910.6629947056554,SESS,6.0,5,False
2025-12-04,LONG,4196.43411,4213.29625,5475.50215451154,TIME,6.0,6,False
2025-12-05,LONG,4233.659,4246.917096957342,6715.5198003819405,TP2,2.0,3,False
2025-12-08,SHORT,4195.14871,4186.43785,3631.5555438034535,SESS,-6.0,1,False
2025-12-16,LONG,4319.02305,4311.915567293885,-2961.2753394238093,SL,6.0,4,False
2025-12-17,LONG,4331.24424,4331.24424,3446.9244950893494,SL,6.0,5,False
2025-12-17,LONG,4330.60085,4333.43569,1357.7125141031026,SESS,6.0,0,False
2025-12-18,LONG,4337.2392,4332.192584782288,-3119.983924369408,SL,2.0,2,False
2025-12-18,LONG,4333.48515,4357.659914480533,7666.840496817424,TP2,2.0,5,False
2025-12-22,LONG,4422.22672,4417.521877016811,-3256.389621542667,SL,2.0,2,False
2025-12-26,LONG,4522.86294,4542.379838024241,8002.034763338346,TP2,2.0,3,False
2026-01-02,SHORT,4370.49143,4346.188848549344,8610.189405352085,TP2,-6.0,4,False
2026-01-06,LONG,4473.50415,4488.35059,7476.140717208582,SESS,6.0,4,False
2026-01-12,LONG,4603.06891,4631.266434047325,10166.274791472257,TP2,6.0,5,False
2026-01-12,LONG,4611.96127,4616.45081,2298.597541651038,SESS,6.0,0,False
2026-01-13,LONG,4614.21067,4605.918068866464,-4386.9493771538655,SL,6.0,3,False
2026-01-13,LONG,4607.83918,4607.38969,-217.2531143789804,SESS,6.0,0,False
2026-01-15,LONG,4606.48992,4610.26994,2382.1200932611214,SESS,2.0,0,False
2026-01-20,LONG,4738.93591,4731.9266807174145,-4320.286905205428,SL,2.0,3,False
2026-01-20,LONG,4732.4358,4753.04311,11800.209880364138,SESS,2.0,4,False
2026-01-21,LONG,4862.28516,4851.761476706703,-4544.684594460235,SL,6.0,1,False
2026-01-26,LONG,5079.65354,5079.65354,5290.012867951903,SL,10.0,3,False
2026-01-26,LONG,5077.67492,5094.75624,6837.2789261579155,SESS,10.0,0,False
2026-02-02,SHORT,4692.57549,4703.66417,-1441.3058236943518,SESS,-6.0,2,False
2026-02-05,SHORT,4832.94374,4853.996760828733,-4887.624021777717,SL,-2.0,1,False
2026-02-10,LONG,5055.97719,5045.799542081047,-4740.995301124187,SL,10.0,1,False
2026-02-25,LONG,5180.3641,5206.912776850851,11650.205786629707,TP2,2.0,5,False
2026-02-27,LONG,5224.64102,5253.725596526331,12535.621426413203,TP2,6.0,6,False
2026-03-03,SHORT,5105.04568,5135.555107516262,-5324.340258481822,SL,-2.0,2,False
2026-03-06,SHORT,5103.96914,5119.98989313204,-5164.610050727366,SL,-6.0,3,False
2026-03-12,SHORT,5156.4717,5132.447781009586,12691.168431320893,TP2,-2.0,4,False
2026-03-19,SHORT,4616.65736,4577.69052,7231.500499985949,TIME,-10.0,6,False
2026-03-19,SHORT,4617.34652,4583.97981,7462.6500864656,SESS,-10.0,1,False
2026-03-20,SHORT,4584.97532,4602.310562504536,-5831.231319738862,SL,-2.0,1,False
2026-03-25,SHORT,4551.72624,4564.625148042113,-5656.294380146599,SL,-6.0,2,False
2026-03-25,SHORT,4556.99619,4552.77937,1786.388399351084,SESS,-6.0,5,False
2026-04-01,LONG,4741.46048,4779.692937985303,14035.166241830972,TP2,6.0,5,False
2026-04-02,LONG,4666.56753,4650.896329665222,-5961.2521879777105,SL,2.0,3,False
2026-04-02,LONG,4663.59682,4662.99433,-266.0378033331931,SESS,2.0,0,False
2026-04-09,LONG,4766.2942,4757.162680123303,-5774.433488238349,SL,6.0,1,False
2026-04-10,LONG,4774.38774,4765.612129442255,-5601.200483591278,SL,2.0,3,False
2026-04-14,LONG,4795.95356,4815.50751,11697.816217447818,TIME,2.0,6,False
2026-04-15,LONG,4824.98849,4819.53128084503,-5979.692876493408,SL,10.0,1,False
2026-04-20,LONG,4805.41086,4796.438060053755,-5800.302090198956,SL,10.0,2,False
2026-04-28,SHORT,4573.52621,4584.174191420274,-5626.293027493241,SL,-6.0,3,False
2026-04-29,SHORT,4537.90808,4546.119132476714,-5457.504236668391,SL,-10.0,1,False
2026-04-29,SHORT,4550.17956,4551.19269,-549.9375825314746,SESS,-10.0,0,False
2026-05-04,SHORT,4566.41537,4534.998468496826,13369.111821300445,TP2,-6.0,2,False
2026-05-11,LONG,4732.80151,4728.11338,-2533.0033052528747,TIME,6.0,6,False
2026-05-13,SHORT,4681.7604,4688.564430812296,-5602.364237573609,SL,-2.0,2,False
2026-05-14,SHORT,4688.4948,4678.5478,6727.15994837449,TIME,-6.0,6,False
2026-05-15,SHORT,4556.00994,4544.87272,8929.103509001643,TIME,-6.0,6,False
2026-05-19,SHORT,4496.45069,4502.08545,-2414.569231325117,TIME,-6.0,6,False
2026-05-19,SHORT,4499.7222,4509.511148092004,-6034.4440291486335,SL,-6.0,1,False
2026-05-22,SHORT,4511.18916,4518.2154188386085,-5853.410708273757,SL,-10.0,2,False
2026-05-22,SHORT,4515.35567,4520.01613,-4314.3156556445265,SESS,-10.0,0,False
2026-05-26,SHORT,4520.78494,4501.8199,12163.762715897472,TIME,-6.0,6,False
2026-05-29,LONG,4536.48154,4565.046481183603,15486.35138097383,TP2,2.0,1,False
2026-05-31,LONG,4542.52611,4542.45682,-2250.6763533644234,TIME,6.0,6,False
