date,dir,entry,exit,pnl,reason,score,bars,win,month
2025-04-10,LONG,3087.69995,3081.296220967625,-299.99999999999886,SL,2.0,1,False,2025-04
2025-04-10,LONG,3115.57007,3125.96997,513.6668335972206,SESS,2.0,0,True,2025-04
2025-04-11,LONG,3207.23999,3219.20996,497.2175482364822,TIME,10.0,6,True,2025-04
2025-04-11,LONG,3208.62988,3208.62988,385.5918377460157,SL,10.0,3,True,2025-04
2025-04-14,LONG,3232.040039,3232.6499,35.76044145526847,TIME,6.0,6,True,2025-04
2025-04-14,LONG,3230.1499,3226.0549988304656,-345.5348549634347,SL,6.0,2,False,2025-04
2025-04-23,LONG,3385.3,3373.497714529136,-335.168809314526,SL,2.0,1,False,2025-04
2025-04-28,SHORT,3293.7,3299.6424821436012,-325.11374503508017,SL,-2.0,6,False,2025-04
2025-04-28,SHORT,3298.4,3294.2,526.0049015258606,SESS,-2.0,1,True,2025-04
2025-05-06,LONG,3326.76,3339.5574854119573,867.6500776563221,TP2,2.0,2,True,2025-05
2025-05-06,LONG,3358.29,3356.82,-63.834541042093115,TIME,2.0,6,False,2025-05
2025-05-08,LONG,3380.25,3393.3273617722375,928.7400584389978,TP2,2.0,1,True,2025-05
2025-05-08,LONG,3398.69,3392.394364866916,-394.47011955803157,SL,2.0,3,False,2025-05
2025-05-13,SHORT,3238.36,3235.26,206.88381853318873,TIME,-6.0,6,True,2025-05
2025-05-21,LONG,3297.99,3292.9053904307634,-388.84253052729724,SL,6.0,1,False,2025-05
2025-05-21,LONG,3297.61,3291.7067627870233,-377.17725461146534,SL,6.0,1,False,2025-05
2025-05-22,LONG,3335.28,3337.78,238.99441958463328,TIME,6.0,6,True,2025-05
2025-05-22,LONG,3335.95,3333.17,-362.6304690716329,SESS,6.0,0,False,2025-05
2025-05-23,LONG,3302.8,3299.409474575507,-362.15285548851784,SL,2.0,1,False,2025-05
2025-05-23,LONG,3299.22,3294.2758012748486,-351.28826982387557,SL,2.0,1,False,2025-05
2025-05-27,LONG,3345.11,3342.5903578047823,-340.7496217291215,SL,10.0,1,False,2025-05
2025-05-27,LONG,3340.71,3337.3112360028213,-330.52713307726714,SL,10.0,3,False,2025-05
2025-06-02,LONG,3311.26,3307.577587219909,-320.6113190849593,SL,2.0,3,False,2025-06
2025-06-02,LONG,3308.46,3304.5807707149193,-310.99297951239686,SL,2.0,4,False,2025-06
2025-06-03,LONG,3377.0,3373.25620185735,-301.663190127016,SL,6.0,2,False,2025-06
2025-06-04,LONG,3360.37,3356.7874655632513,-292.61329442321284,SL,2.0,4,False,2025-06
2025-06-05,LONG,3377.62,3374.003174567042,-283.83489559052174,SL,6.0,1,False,2025-06
2025-06-06,LONG,3361.91,3361.91,330.3838184673678,SL,6.0,2,True,2025-06
2025-06-06,LONG,3361.34,3372.3549534178733,747.6952905048449,TP2,6.0,5,True,2025-06
2025-06-09,SHORT,3306.61,3306.61,381.08848385519883,SL,-2.0,5,True,2025-06
2025-06-09,SHORT,3305.45,3310.5837890066045,-340.43904557730457,SL,-2.0,4,False,2025-06
2025-06-12,LONG,3365.71,3374.26,660.4895229644574,TIME,6.0,6,True,2025-06
2025-06-12,LONG,3370.2,3374.59,444.52249408063227,TIME,6.0,6,True,2025-06
2025-06-13,LONG,3406.53003,3426.319894867821,950.6697276886971,TP2,10.0,3,True,2025-06
2025-06-13,LONG,3426.86,3420.856475304497,-403.78445802357794,SL,10.0,6,False,2025-06
2025-06-16,LONG,3440.46,3434.8566405649676,-391.67092428286514,SL,2.0,1,False,2025-06
2025-06-17,LONG,3399.89,3396.0719938329457,-379.92079655435185,SL,2.0,1,False,2025-06
2025-06-17,LONG,3399.79,3395.729938288647,-368.52317265772876,SL,2.0,1,False,2025-06
2025-06-20,SHORT,3368.03,3359.3078755555925,905.5842762776224,TP2,-2.0,1,True,2025-06
2025-06-20,SHORT,3357.21,3347.374756248088,974.4086812747121,TP2,-2.0,4,True,2025-06
2025-06-26,SHORT,3334.8,3332.91992,297.5945236701373,SESS,-2.0,0,True,2025-06
2025-07-02,LONG,3338.88,3335.586593478381,-422.7951019146612,SL,2.0,1,False,2025-07
2025-07-02,LONG,3337.4,3334.5949829830233,-410.1112488572653,SL,2.0,2,False,2025-07
2025-07-07,SHORT,3324.89,3327.483930986014,-397.80791139153325,SL,-2.0,2,False,2025-07
2025-07-15,LONG,3346.78003,3353.244533050889,977.5466409261314,TP2,2.0,6,True,2025-07
2025-07-18,SHORT,3339.53,3337.1499,674.8507745249285,SESS,-2.0,2,True,2025-07
2025-07-21,LONG,3354.29004,3352.3422161674043,-450.3927991512652,SL,2.0,3,False,2025-07
2025-07-21,LONG,3354.76,3352.595211713039,-436.8810151768031,SL,2.0,1,False,2025-07
2025-07-23,LONG,3431.41,3428.5685741342504,-423.774584721456,SL,10.0,2,False,2025-07
2025-07-29,SHORT,3320.79,3322.6508373681067,-411.06134717980194,SL,-10.0,2,False,2025-07
2025-07-29,SHORT,3325.5,3327.59,-429.5911121266117,SESS,-10.0,3,False,2025-07
2025-08-05,LONG,3380.06,3385.6493473176743,977.465825948273,TP2,6.0,2,True,2025-08
2025-08-07,LONG,3378.41,3379.66,325.1776400303513,TIME,6.0,6,True,2025-08
2025-08-07,LONG,3378.13,3376.8768328442984,-424.9210773799566,SL,6.0,3,False,2025-08
2025-08-08,LONG,3390.12,3386.6583911568687,-412.1734450585911,SL,2.0,2,False,2025-08
2025-08-20,SHORT,3312.69,3314.4702205760996,-399.8082417068757,SL,-6.0,1,False,2025-08
2025-08-20,SHORT,3309.42,3311.5798452495183,-387.81399445566313,SL,-6.0,1,False,2025-08
2025-08-25,LONG,3356.84,3356.61,-39.161531215021014,TIME,10.0,6,False,2025-08
2025-08-26,LONG,3360.83,3362.65,154.60528439006356,TIME,2.0,6,True,2025-08
2025-08-26,LONG,3362.2,3362.2,455.5714646606379,SL,2.0,2,True,2025-08
2025-08-27,LONG,3379.23,3377.9570139552684,-406.9771750967901,SL,10.0,1,False,2025-08
2025-09-02,LONG,3507.62,3524.906844836824,1000.0785782712984,TP2,6.0,2,True,2025-09
2025-09-02,LONG,3520.96,3514.465428022488,-424.77021719209154,SL,6.0,2,False,2025-09
2025-09-03,LONG,3554.07,3554.07,494.43253281156376,SL,2.0,4,True,2025-09
2025-09-03,LONG,3552.0,3548.0075883075656,-441.693062645009,SL,2.0,1,False,2025-09
2025-09-05,LONG,3558.96,3558.96,514.1307249187881,SL,2.0,4,True,2025-09
2025-09-05,LONG,3560.19,3557.64889837861,-459.29011426078284,SL,2.0,1,False,2025-09
2025-09-09,LONG,3655.69,3663.14,681.8273621885854,TIME,10.0,6,True,2025-09
2025-09-16,LONG,3688.93,3686.3308866770544,-465.9662316986211,SL,10.0,1,False,2025-09
2025-09-16,LONG,3688.81,3686.5253931730044,-451.98724474767977,SL,10.0,2,False,2025-09
2025-09-22,LONG,3694.61,3692.606606648523,-438.4276274052226,SL,2.0,1,False,2025-09
2025-09-22,LONG,3693.71,3691.2076585183213,-425.2747985830442,SL,2.0,3,False,2025-09
2025-09-23,LONG,3759.23,3767.896324855152,1045.0419383847989,TP2,6.0,2,True,2025-09
2025-09-29,LONG,3784.29,3779.9529749256308,-443.8678127771492,SL,6.0,1,False,2025-09
2025-09-30,LONG,3853.73,3856.89,665.3905815895796,TIME,10.0,6,True,2025-09
2025-10-01,LONG,3873.78,3871.21041032312,-466.013359863659,SL,6.0,2,False,2025-10
2025-10-01,LONG,3875.36,3872.085274658106,-452.0329590677642,SL,6.0,1,False,2025-10
2025-10-02,LONG,3868.59,3865.538438179729,-438.471970295721,SL,10.0,1,False,2025-10
2025-10-03,LONG,3861.27,3858.529659060205,-425.31781118684404,SL,6.0,2,False,2025-10
2025-10-06,LONG,3911.15,3924.7788054725092,1045.1476346898482,TP2,2.0,3,True,2025-10
2025-10-07,LONG,3977.18,3973.353966067174,-443.91270589196097,SL,2.0,2,False,2025-10
2025-10-08,LONG,4007.0,4003.867687104478,-430.5953247151908,SL,2.0,1,False,2025-10
2025-10-13,LONG,4042.35,4048.93,312.61317942057065,TIME,6.0,6,True,2025-10
2025-10-14,LONG,4140.01,4154.872387213192,1081.87484623611,TP2,2.0,2,True,2025-10
2025-10-15,LONG,4177.88,4197.982687898814,1164.0973345500295,TP2,6.0,1,True,2025-10
2025-10-15,LONG,4191.68,4205.74,1020.2403698595485,TIME,6.0,6,True,2025-10
2025-10-16,LONG,4250.65,4257.62,848.1751513935102,TIME,6.0,6,True,2025-10
2025-10-16,LONG,4259.2,4258.89,-27.150439861129136,TIME,6.0,6,False,2025-10
2025-10-17,LONG,4400.61,4377.258615579069,-587.014947470704,SL,10.0,2,False,2025-10
2025-10-22,SHORT,4099.92,4115.9,-445.69948934976776,TIME,-2.0,6,False,2025-10
2025-10-24,SHORT,4125.0,4106.945740808105,1408.6182363941348,TP2,-6.0,3,True,2025-10
2025-10-27,SHORT,4083.19,4071.2,1046.850051393661,TIME,-6.0,6,True,2025-10
2025-10-27,SHORT,4072.93,4064.89,1061.2304975371856,TIME,-6.0,6,True,2025-10
2025-10-30,SHORT,3955.32,3964.0120013680075,-706.5174909179816,SL,-6.0,1,False,2025-10
2025-10-30,SHORT,3945.91,3954.7380284078718,-685.3219661904412,SL,-6.0,1,False,2025-10
2025-11-03,SHORT,3972.39,3978.731283627505,-664.7623072047353,SL,-6.0,2,False,2025-11
2025-11-03,SHORT,3995.69,4003.2422023285367,-644.8194379885784,SL,-6.0,1,False,2025-11
2025-11-04,SHORT,3985.99,3985.99,750.5698258187055,SL,-6.0,3,True,2025-11
2025-11-04,SHORT,3979.99,3986.7128264453922,-670.5090443980379,SL,-6.0,2,False,2025-11
2025-11-05,SHORT,3931.81,3937.8076334797192,-650.3937730661128,SL,-2.0,2,False,2025-11
2025-11-05,SHORT,3934.17,3940.6442452906476,-630.8819598741345,SL,-2.0,2,False,2025-11
2025-11-07,LONG,3985.59,3997.257971031515,1550.2872693973704,TP2,6.0,2,True,2025-11
2025-11-07,LONG,3991.84,3987.9868167325326,-658.4641191598406,SL,6.0,3,False,2025-11
2025-11-11,LONG,4129.39,4125.17199317344,-638.7101955850368,SL,2.0,1,False,2025-11
2025-11-12,LONG,4142.0658,4139.2663102660335,-619.548889717538,SL,6.0,1,False,2025-11
2025-11-12,LONG,4133.63964,4130.073528895438,-600.9624230260043,SL,6.0,2,False,2025-11
2025-11-13,LONG,4192.34349,4186.427162649806,-582.9335503352019,SL,6.0,1,False,2025-11
2025-11-14,LONG,4183.907,4179.555319464987,-565.4455438251076,SL,2.0,2,False,2025-11
2025-11-14,LONG,4191.09334,4186.103142243137,-548.482177510322,SL,2.0,1,False,2025-11
2025-11-18,SHORT,4035.25907,4040.832929336739,-532.0277121850448,SL,-2.0,2,False,2025-11
2025-11-18,SHORT,4023.4704,4014.36556,782.190955255233,SESS,-2.0,0,True,2025-11
2025-11-25,LONG,4134.09845,4150.833432057634,1366.815944008782,TP2,10.0,4,True,2025-11
2025-11-25,LONG,4141.25759,4149.58111,1159.7786818719196,SESS,10.0,3,True,2025-11
2025-11-28,LONG,4183.83991,4180.771716230299,-615.3304482535765,SL,10.0,4,False,2025-11
2025-11-28,LONG,4182.52373,4183.5299,182.59417508142485,SESS,10.0,2,True,2025-11
2025-12-01,LONG,4236.44531,4242.08413,593.9012621752292,TIME,6.0,6,True,2025-12
2025-12-01,LONG,4232.78463,4228.130051065688,-620.1653979236727,SL,6.0,1,False,2025-12
2025-12-03,LONG,4220.44264,4217.487120899636,-601.5604359859261,SL,6.0,1,False,2025-12
2025-12-04,LONG,4210.35799,4207.566836793768,-583.513622906429,SL,6.0,1,False,2025-12
2025-12-09,SHORT,4193.8981,4196.555617805274,-566.0082142192692,SL,-6.0,1,False,2025-12
2025-12-10,LONG,4211.09907,4208.081300779293,-549.0279677925777,SL,2.0,2,False,2025-12
2025-12-11,LONG,4238.06982,4233.69434039015,-532.5571287588415,SL,6.0,2,False,2025-12
2025-12-12,LONG,4275.69723,4272.6423159861415,-516.5804148960569,SL,10.0,1,False,2025-12
2025-12-16,LONG,4307.67034,4303.256077872707,-501.0830024491358,SL,6.0,4,False,2025-12
2025-12-17,LONG,4312.89931,4320.183834036765,1231.327964685061,TP2,6.0,4,True,2025-12
2025-12-17,LONG,4316.28609,4312.447633632878,-522.9903513162902,SL,6.0,1,False,2025-12
2025-12-22,LONG,4363.40234,4376.342371661492,1285.1616233011287,TP2,2.0,2,True,2025-12
2025-12-23,LONG,4484.70762,4480.882937045414,-545.8554894757831,SL,6.0,1,False,2025-12
2025-12-23,LONG,4481.06326,4471.21505,-1371.2083916964734,SESS,6.0,0,False,2025-12
2025-12-24,LONG,4511.61345,4511.61345,586.0122876487826,SL,2.0,5,True,2025-12
2025-12-24,LONG,4509.49137,4504.133273880392,-523.50431029959,SL,2.0,1,False,2025-12
2025-12-26,LONG,4511.17851,4504.717529840594,-507.79918099056067,SL,2.0,2,False,2025-12
2025-12-26,LONG,4506.0103,4498.925815191549,-492.5652055608789,SL,2.0,2,False,2025-12
2026-01-07,LONG,4489.46502,4486.018902201753,-477.78824939401227,SL,2.0,1,False,2026-01
2026-01-08,LONG,4451.03024,4451.03024,556.1455222946292,SL,2.0,3,True,2026-01
2026-01-09,LONG,4467.50664,4463.930353219486,-496.82333324990395,SL,2.0,1,False,2026-01
2026-01-09,LONG,4464.03483,4463.37608,-67.57411557810467,TIME,2.0,6,False,2026-01
2026-01-12,LONG,4573.17966,4565.541485931142,-479.89140978502434,SL,6.0,2,False,2026-01
2026-01-12,LONG,4577.21612,4570.151203021506,-465.4946674915244,SL,6.0,4,False,2026-01
2026-01-14,LONG,4615.01889,4627.525852838484,1143.8755629157838,TP2,6.0,2,True,2026-01
2026-01-20,LONG,4668.24116,4681.82326479811,1230.8101056973574,TP2,2.0,4,True,2026-01
2026-01-23,LONG,4952.09099,4954.53547,147.56173918686025,TIME,10.0,6,True,2026-01
2026-01-23,LONG,4952.25927,4957.68444,400.7512208575367,TIME,10.0,6,True,2026-01
2026-01-26,LONG,5040.97896,5033.56171306698,-539.2197863264719,SL,10.0,1,False,2026-01
2026-01-26,LONG,5072.34721,5065.074695768652,-523.0431927366747,SL,10.0,2,False,2026-01
2026-01-27,LONG,5063.77605,5082.87289,1133.7237606110589,SESS,6.0,4,True,2026-01
2026-01-30,LONG,5359.85435,5332.515988019335,-541.363609772918,SL,6.0,2,False,2026-01
2026-02-06,SHORT,4746.42757,4772.319628250249,-525.1227014797267,SL,-2.0,3,False,2026-02
2026-02-09,LONG,5024.52719,5034.85025,345.9084680562232,TIME,10.0,6,True,2026-02
2026-02-11,LONG,5038.14875,5038.14875,623.695529372437,SL,10.0,5,True,2026-02
2026-02-11,LONG,5048.11511,5055.69047,945.1378620182995,SESS,10.0,3,True,2026-02
2026-02-18,SHORT,4874.60862,4881.881381298647,-605.5801903245555,SL,-2.0,1,False,2026-02
2026-02-19,SHORT,4971.28392,4976.38878303897,-587.4127846147812,SL,-2.0,4,False,2026-02
2026-02-20,LONG,4999.13971,4996.10905,-243.54430849596864,TIME,2.0,6,False,2026-02
2026-02-20,LONG,4995.40438,4989.597991357771,-562.4840718214986,SL,2.0,2,False,2026-02
2026-02-23,LONG,5145.48265,5161.64269,1013.7349734891715,TIME,6.0,6,True,2026-02
2026-02-23,LONG,5159.09524,5159.74219,40.87149701025982,TIME,6.0,6,True,2026-02
2026-02-26,LONG,5180.61142,5184.58721,294.6333247316466,TIME,2.0,6,True,2026-02
2026-02-26,LONG,5186.49453,5198.99428,1227.0418226969862,TIME,2.0,6,True,2026-02
2026-02-27,LONG,5184.81575,5178.472291604252,-664.3461747358912,SL,6.0,1,False,2026-02
2026-02-27,LONG,5183.04528,5197.987837130091,1632.5200000510008,TP2,6.0,3,True,2026-02
2026-03-02,LONG,5365.18531,5353.318333035542,-693.39138949538,SL,10.0,1,False,2026-03
2026-03-02,LONG,5336.95888,5320.919872721149,-672.5896478104904,SL,10.0,2,False,2026-03
2026-03-11,LONG,5210.35738,5203.652757842311,-652.4119583761793,SL,2.0,1,False,2026-03
2026-03-11,LONG,5206.33968,5199.575422680833,-632.8395996248711,SL,2.0,2,False,2026-03
2026-03-16,SHORT,5014.21087,5010.74489,163.8134950279561,TIME,-6.0,6,True,2026-03
2026-03-16,SHORT,5016.12557,5024.938756974366,-618.768816487008,SL,-6.0,2,False,2026-03
2026-03-23,SHORT,4408.49897,4441.498174361339,-600.2057519923848,SL,-10.0,2,False,2026-03
2026-03-23,SHORT,4398.8197,4353.1224,1065.5078677282427,TIME,-10.0,6,True,2026-03
2026-03-26,SHORT,4528.18458,4538.643196135745,-635.1240003240449,SL,-6.0,2,False,2026-03
2026-03-26,SHORT,4521.4894,4497.97963648791,1560.711376796221,TP2,-6.0,4,True,2026-03
2026-03-27,SHORT,4394.86613,4405.13881977373,-662.8916216181784,SL,-10.0,1,False,2026-03
2026-04-01,LONG,4705.34088,4694.676562404592,-643.0048729696329,SL,6.0,3,False,2026-04
2026-04-01,LONG,4691.19349,4681.329247836366,-623.7147267805492,SL,6.0,3,False,2026-04
2026-04-02,LONG,4789.52115,4781.691563650981,-605.0032849771466,SL,2.0,2,False,2026-04
2026-04-08,LONG,4817.41579,4804.265492098536,-586.8531864278405,SL,2.0,2,False,2026-04
2026-04-08,LONG,4810.70229,4802.423,-355.37227884615527,TIME,2.0,6,False,2026-04
2026-04-10,LONG,4758.72265,4757.62196,-115.64461331492036,SESS,2.0,3,False,2026-04
2026-04-14,LONG,4764.68155,4768.29725,807.0753051565698,TIME,2.0,6,True,2026-04
2026-04-14,LONG,4768.02608,4764.46189,-447.4654245373147,TIME,2.0,6,False,2026-04
2026-04-15,LONG,4834.69488,4827.0405221831215,-585.8895955152555,SL,10.0,1,False,2026-04
2026-04-16,LONG,4822.64357,4817.123187191822,-568.3129076498308,SL,2.0,2,False,2026-04
2026-04-16,LONG,4823.64991,4833.28914,1093.8527204409527,TIME,2.0,6,True,2026-04
2026-04-21,LONG,4822.93689,4818.527796166528,-603.9245887687159,SL,2.0,2,False,2026-04
2026-04-23,SHORT,4744.41118,4713.157858220511,1484.044022800897,TP2,-6.0,6,True,2026-04
2026-04-24,SHORT,4702.24843,4706.884632647046,-630.3281717896634,SL,-10.0,2,False,2026-04
2026-04-24,SHORT,4683.40066,4682.3042,111.02204009179282,SESS,-10.0,0,True,2026-04
2026-04-29,SHORT,4601.06356,4593.49766,606.842212795949,TIME,-10.0,6,True,2026-04
2026-04-30,SHORT,4563.50965,4566.3563,-294.1740009793523,SESS,-10.0,0,False,2026-04
2026-05-04,SHORT,4608.10309,4612.901947990615,-624.1290341931888,SL,-6.0,1,False,2026-05
2026-05-04,SHORT,4608.34061,4614.86628143275,-605.4051631673818,SL,-6.0,1,False,2026-05
2026-05-05,SHORT,4521.98525,4526.971898272768,-587.2430082724059,SL,-6.0,1,False,2026-05
2026-05-07,LONG,4703.79649,4700.41166,-276.2089426168011,TIME,6.0,6,False,2026-05
2026-05-07,LONG,4697.45286,4692.847757575939,-561.3394497457386,SL,6.0,2,False,2026-05
2026-05-15,SHORT,4619.87895,4611.65167,584.9338974504832,TIME,-6.0,6,True,2026-05
2026-05-18,SHORT,4506.78927,4518.73886725009,-562.0472831768546,SL,-10.0,2,False,2026-05
2026-05-18,SHORT,4534.32519,4544.3266994809055,-545.1858646815472,SL,-10.0,4,False,2026-05
2026-05-20,SHORT,4473.54725,4467.49469,450.90522359581115,SESS,-10.0,0,True,2026-05
2026-05-22,SHORT,4526.35902,4531.172959070023,-542.3574454489718,SL,-10.0,3,False,2026-05
2026-05-22,SHORT,4528.55005,4532.79531270062,-526.0867220854489,SL,-10.0,4,False,2026-05
2026-05-26,SHORT,4548.96509,4530.430416894552,1292.7704384047752,TP2,-6.0,2,True,2026-05
2026-05-26,SHORT,4541.54914,4525.179175141349,1391.0209917235445,TP2,-6.0,5,True,2026-05
2026-05-29,LONG,4497.45727,4493.958636430161,-590.8178633268172,SL,2.0,1,False,2026-05
2026-05-29,LONG,4503.08536,4497.848917001027,-573.0933274270193,SL,2.0,3,False,2026-05
