entry_time,exit_time,dir,trend,entry_px,exit_px,n_sigs,net_pnl%,pnl_usd,equity,exit,bars,month
2026-02-27 13:30,2026-02-27 15:00,LONG,UPTREND,5234.0,5250.71,2,0.3033,151.67,10151.67,TP,6,2026-02
2026-02-27 15:00,2026-02-27 20:45,LONG,UPTREND,5255.7,5278.82,2,0.4239,195.65,10347.32,TP,23,2026-02
2026-03-02 13:45,2026-03-02 14:00,LONG,UPTREND,5409.8,5397.47,2,-0.2439,-110.74,10236.58,SL,1,2026-03
2026-03-02 15:30,2026-03-02 15:45,LONG,UPTREND,5357.2,5336.38,2,-0.4047,-106.58,10130.0,SL,1,2026-03
2026-03-03 15:30,2026-03-03 18:30,LONG,UPTREND,5072.0,5138.87,2,1.3024,200.14,10330.14,TP,12,2026-03
2026-03-04 13:30,2026-03-04 13:45,LONG,UPTREND,5199.9,5189.04,2,-0.2249,-111.21,10218.93,SL,1,2026-03
2026-03-05 15:45,2026-03-05 16:15,LONG,UPTREND,5111.3,5090.92,2,-0.4147,-106.29,10112.64,SL,2,2026-03
2026-03-06 14:45,2026-03-06 19:00,LONG,UPTREND,5139.3,5176.86,2,0.7149,197.83,10310.47,TP,17,2026-03
2026-03-09 15:45,2026-03-09 19:15,LONG,UPTREND,5108.5,5137.63,2,0.5543,200.42,10510.89,TP,14,2026-03
2026-03-10 13:30,2026-03-10 14:00,LONG,UPTREND,5218.4,5208.02,2,-0.2149,-112.91,10397.98,SL,2,2026-03
2026-03-10 14:45,2026-03-10 15:30,LONG,UPTREND,5215.8,5238.65,2,0.4222,200.37,10598.34,TP,3,2026-03
2026-03-10 15:30,2026-03-10 16:00,LONG,UPTREND,5245.7,5233.8,2,-0.2428,-113.46,10484.88,SL,2,2026-03
2026-03-12 15:45,2026-03-12 17:15,LONG,UPTREND,5138.0,5126.22,3,-0.2452,-112.17,10372.71,SL,6,2026-03
2026-03-13 15:30,2026-03-13 16:00,LONG,UPTREND,5051.9,5038.32,3,-0.2848,-109.9,10262.81,SL,2,2026-03
2026-03-13 16:30,2026-03-13 19:30,LONG,UPTREND,5048.6,5033.2,3,-0.321,-108.01,10154.8,SL,12,2026-03
2026-03-16 13:30,2026-03-16 14:15,LONG,UPTREND,5038.0,5027.08,2,-0.2327,-109.05,10045.75,SL,3,2026-03
2026-03-17 13:30,2026-03-17 13:45,LONG,UPTREND,5032.7,5024.93,2,-0.1703,-85.56,9960.19,SL,1,2026-03
2026-03-17 14:00,2026-03-17 14:15,LONG,UPTREND,5023.7,5015.54,2,-0.1785,-88.9,9871.29,SL,1,2026-03
2026-03-18 14:15,2026-03-18 16:15,SHORT,DOWNTREND,4863.8,4883.46,2,-0.4201,-102.62,9768.67,SL,8,2026-03
2026-03-19 13:30,2026-03-19 13:45,SHORT,DOWNTREND,4561.6,4590.36,2,-0.6464,-100.17,9668.5,SL,1,2026-03
2026-03-19 14:45,2026-03-19 19:00,SHORT,DOWNTREND,4603.5,4638.5,2,-0.7763,-98.72,9569.78,SL,17,2026-03
2026-03-20 13:30,2026-03-20 13:45,SHORT,DOWNTREND,4662.9,4633.25,2,0.6198,186.58,9756.36,TP,1,2026-03
2026-03-20 13:45,2026-03-20 14:15,SHORT,DOWNTREND,4617.0,4583.95,2,0.6999,190.77,9947.13,TP,2,2026-03
2026-03-20 14:15,2026-03-20 16:00,SHORT,DOWNTREND,4560.6,4578.87,2,-0.4167,-103.44,9843.69,SL,7,2026-03
2026-03-23 15:00,2026-03-23 15:45,SHORT,DOWNTREND,4466.5,4395.84,2,1.566,194.88,10038.57,TP,3,2026-03
2026-03-24 13:30,2026-03-24 13:45,SHORT,DOWNTREND,4356.7,4377.61,2,-0.496,-103.73,9934.84,SL,1,2026-03
2026-03-25 13:45,2026-03-25 14:15,SHORT,DOWNTREND,4543.3,4557.41,2,-0.3266,-104.47,9830.37,SL,2,2026-03
2026-03-25 15:00,2026-03-25 19:00,SHORT,DOWNTREND,4548.1,4516.96,3,0.6686,192.01,10022.38,TP,16,2026-03
2026-03-26 16:00,2026-03-26 16:15,SHORT,DOWNTREND,4436.0,4406.31,2,0.6533,195.66,10218.04,TP,1,2026-03
2026-03-26 16:15,2026-03-27 01:30,SHORT,DOWNTREND,4392.3,4409.26,2,-0.4021,-106.41,10111.62,SL,33,2026-03
2026-03-27 16:00,2026-03-27 17:30,SHORT,DOWNTREND,4558.6,4522.74,2,0.7707,198.12,10309.74,TP,6,2026-03
2026-03-30 14:15,2026-03-30 14:45,SHORT,DOWNTREND,4549.0,4563.54,2,-0.3356,-108.26,10201.48,SL,2,2026-03
2026-03-30 16:15,2026-03-30 18:45,SHORT,DOWNTREND,4566.6,4539.02,2,0.5879,198.62,10400.11,TP,10,2026-03
2026-04-01 16:15,2026-04-01 18:45,SHORT,DOWNTREND,4804.5,4779.7,2,0.5003,201.56,10601.66,TP,10,2026-04
2026-04-06 13:30,2026-04-06 13:45,SHORT,DOWNTREND,4691.0,4699.62,3,-0.1997,-105.88,10495.78,SL,1,2026-04
2026-04-06 15:00,2026-04-07 01:45,SHORT,DOWNTREND,4687.5,4662.59,2,0.5154,203.6,10699.38,TP,39,2026-04
2026-04-07 13:30,2026-04-07 15:15,SHORT,DOWNTREND,4664.5,4677.74,2,-0.2999,-113.02,10586.35,SL,7,2026-04
2026-04-08 13:30,2026-04-08 14:45,SHORT,DOWNTREND,4801.3,4778.57,2,0.4573,204.57,10790.92,TP,5,2026-04
2026-04-08 14:45,2026-04-08 15:30,SHORT,DOWNTREND,4762.2,4776.44,2,-0.315,-113.68,10677.24,SL,3,2026-04
2026-04-08 16:15,2026-04-08 18:15,SHORT,DOWNTREND,4775.1,4750.03,2,0.509,207.04,10884.28,TP,8,2026-04
2026-04-09 13:30,2026-04-09 13:45,LONG,UPTREND,4801.1,4792.37,2,-0.1979,-107.69,10776.59,SL,1,2026-04
2026-04-09 13:45,2026-04-09 15:30,LONG,UPTREND,4789.6,4807.18,2,0.3511,189.18,10965.77,TP,7,2026-04
2026-04-09 15:30,2026-04-09 18:30,LONG,UPTREND,4815.8,4804.33,2,-0.2542,-117.02,10848.74,SL,12,2026-04
2026-04-10 15:00,2026-04-10 15:45,SHORT,DOWNTREND,4806.3,4786.49,2,0.3962,208.55,11057.29,TP,3,2026-04
2026-04-10 16:15,2026-04-12 22:00,SHORT,DOWNTREND,4782.6,4760.65,2,0.443,213.44,11270.73,TP,19,2026-04
2026-04-13 15:00,2026-04-13 16:00,SHORT,DOWNTREND,4729.9,4740.58,2,-0.2417,-120.7,11150.03,SL,4,2026-04
2026-04-14 13:30,2026-04-14 16:15,LONG,UPTREND,4816.7,4835.64,2,0.3773,210.33,11360.37,TP,11,2026-04
2026-04-14 16:15,2026-04-14 17:30,LONG,UPTREND,4839.8,4859.56,2,0.3922,218.3,11578.67,TP,5,2026-04
2026-04-15 13:30,2026-04-15 15:00,LONG,UPTREND,4842.6,4836.24,2,-0.1474,-85.35,11493.32,SL,6,2026-04
2026-04-17 13:30,2026-04-17 20:00,LONG,UPTREND,4887.0,4874.14,2,-0.2792,-121.92,11371.4,SL,26,2026-04
2026-04-20 13:30,2026-04-20 14:45,LONG,UPTREND,4843.2,4829.68,2,-0.2952,-120.23,11251.17,SL,5,2026-04
2026-04-21 14:15,2026-04-21 14:30,SHORT,DOWNTREND,4792.6,4772.07,2,0.4123,216.62,11467.79,TP,1,2026-04
2026-04-21 14:30,2026-04-21 16:15,SHORT,DOWNTREND,4762.8,4740.44,2,0.4535,221.54,11689.33,TP,7,2026-04
2026-04-21 16:15,2026-04-21 19:30,SHORT,DOWNTREND,4739.9,4713.04,2,0.5507,227.19,11916.51,TP,13,2026-04
2026-04-22 14:00,2026-04-22 15:30,SHORT,DOWNTREND,4765.1,4750.73,2,0.2855,170.12,12086.63,TP,6,2026-04
2026-04-22 15:30,2026-04-22 17:00,SHORT,DOWNTREND,4745.6,4753.65,2,-0.1857,-112.21,11974.43,SL,6,2026-04
2026-04-23 13:30,2026-04-23 17:00,SHORT,DOWNTREND,4751.6,4734.96,2,0.3342,200.08,12174.51,TP,14,2026-04
2026-04-24 14:45,2026-04-24 20:00,SHORT,DOWNTREND,4743.2,4724.05,2,0.3877,233.84,12408.35,TP,21,2026-04
2026-04-27 13:30,2026-04-27 14:45,SHORT,DOWNTREND,4708.0,4696.05,3,0.2377,147.5,12555.85,TP,5,2026-04
2026-04-27 14:45,2026-04-27 22:00,SHORT,DOWNTREND,4693.2,4700.86,2,-0.1791,-112.45,12443.4,SL,25,2026-04
2026-04-28 13:30,2026-04-28 17:15,SHORT,DOWNTREND,4594.7,4607.65,2,-0.2979,-131.5,12311.91,SL,15,2026-04
2026-04-29 13:30,2026-04-29 14:00,SHORT,DOWNTREND,4527.2,4535.51,2,-0.1997,-122.91,12189.0,SL,2,2026-04
2026-04-29 14:00,2026-04-29 14:30,SHORT,DOWNTREND,4538.7,4547.84,2,-0.2174,-131.58,12057.43,SL,2,2026-04
2026-04-29 16:45,2026-04-29 18:30,SHORT,DOWNTREND,4559.0,4537.76,2,0.4498,232.87,12290.29,TP,7,2026-04
2026-04-30 13:45,2026-04-30 14:00,SHORT,DOWNTREND,4623.1,4631.75,2,-0.203,-124.76,12165.53,SL,1,2026-04
2026-04-30 14:00,2026-04-30 22:00,SHORT,DOWNTREND,4632.8,4641.65,2,-0.207,-125.93,12039.6,SL,28,2026-04
2026-05-04 15:00,2026-05-04 15:45,SHORT,DOWNTREND,4559.6,4539.18,2,0.4319,232.19,12271.79,TP,3,2026-05
2026-05-04 15:45,2026-05-05 01:00,SHORT,DOWNTREND,4531.6,4544.53,2,-0.3013,-129.6,12142.19,SL,33,2026-05
2026-05-05 15:15,2026-05-05 16:15,SHORT,DOWNTREND,4590.4,4573.86,2,0.3444,209.08,12351.26,TP,4,2026-05
2026-05-05 16:30,2026-05-05 18:00,SHORT,DOWNTREND,4567.4,4574.63,2,-0.1743,-107.67,12243.6,SL,6,2026-05
2026-05-06 16:15,2026-05-06 19:15,SHORT,DOWNTREND,4699.4,4708.6,2,-0.2118,-129.69,12113.91,SL,12,2026-05
