entry_time,exit_time,dir,entry_px,exit_px,atr_entry,sl,tp1,tp2,tp1_hit,tp1_pct,exit_pct,total_usd,equity,exit,bars,vwap_dev,trend,month
2023-12-26 14:00,2023-12-26 17:00,LONG,2068.3,2068.9,3.79,2065.46,2073.98,2077.76,False,0.0,0.021,10.5,10010.5,TIME,3,-1.903,LONG,2023-12
2024-01-26 14:00,2024-01-26 15:00,LONG,2020.1,2017.48,3.49,2017.48,2025.34,2028.83,False,0.0,-0.1377,-68.91,9941.59,SL,1,-2.218,LONG,2024-01
2024-03-21 14:00,2024-03-21 17:00,LONG,2178.4,2183.0,7.35,2172.89,2189.42,2196.77,False,0.0,0.2032,100.99,10042.58,TIME,3,-2.273,LONG,2024-03
2024-04-01 14:00,2024-04-01 17:00,LONG,2256.7,2259.7,8.41,2250.39,2269.31,2277.72,False,0.0,0.1249,62.73,10105.32,TIME,3,-1.876,LONG,2024-04
2024-04-09 15:00,2024-04-09 17:00,LONG,2359.1,2365.8,9.06,2352.31,2372.69,2381.74,False,0.0,0.276,139.46,10244.77,SESS,2,-2.125,LONG,2024-04
2024-04-12 16:00,2024-04-12 17:00,LONG,2386.1,2375.5,14.14,2375.5,2407.3,2421.44,False,0.0,-0.4523,-231.69,10013.08,SL,1,-2.331,LONG,2024-04
2024-04-26 14:00,2024-04-26 17:00,LONG,2345.3,2350.2,7.67,2339.55,2356.81,2364.48,False,0.0,0.2009,100.59,10113.67,TIME,3,-1.77,LONG,2024-04
2024-07-17 14:00,2024-07-17 16:00,LONG,2468.0,2460.77,9.64,2460.77,2482.45,2492.09,False,0.0,-0.3008,-152.12,9961.55,SL,2,-2.615,LONG,2024-07
2024-07-17 16:00,2024-07-17 17:00,LONG,2459.9,2456.7,9.31,2452.92,2473.86,2483.17,False,0.0,-0.1381,-68.78,9892.78,SESS,1,-2.677,LONG,2024-07
2024-08-02 14:00,2024-08-02 17:00,LONG,2474.4,2470.5,37.79,2446.06,2531.09,2568.88,False,0.0,-0.1656,-42.91,9849.87,TIME,3,-1.52,LONG,2024-08
2024-09-16 14:00,2024-09-16 17:00,LONG,2607.7,2610.1,5.84,2603.32,2616.45,2622.29,False,0.0,0.084,41.39,9891.26,TIME,3,-1.629,LONG,2024-09
2024-09-25 16:00,2024-09-25 17:00,LONG,2677.8,2684.8,6.69,2672.79,2687.83,2694.51,False,0.0,0.2534,125.33,10016.58,SESS,1,-1.722,LONG,2024-09
2024-10-21 14:00,2024-10-21 15:00,LONG,2739.9,2734.87,6.71,2734.87,2749.96,2756.67,False,0.0,-0.1916,-95.96,9920.63,SL,1,-1.915,LONG,2024-10
2024-10-21 15:00,2024-10-21 17:00,LONG,2734.8,2737.5,6.86,2729.66,2745.09,2751.94,False,0.0,0.0907,45.0,9965.63,SESS,2,-2.262,LONG,2024-10
2025-01-03 14:00,2025-01-03 16:00,LONG,2661.5,2657.11,5.86,2657.11,2670.29,2676.14,False,0.0,-0.1731,-86.23,9879.4,SL,2,-1.706,LONG,2025-01
2025-02-19 15:00,2025-02-19 17:00,LONG,2941.6,2940.6,20.67,2926.1,2972.61,2993.28,False,0.0,-0.042,-20.74,9858.66,SESS,2,-1.953,LONG,2025-02
2025-03-14 14:00,2025-03-14 17:00,LONG,2995.8,2997.4,8.83,2989.18,3009.04,3017.87,False,0.0,0.0454,22.38,9881.04,TIME,3,-1.791,LONG,2025-03
2025-05-02 15:00,2025-05-02 17:00,LONG,3239.8,3238.4,14.44,3228.97,3261.45,3275.89,False,0.0,-0.0512,-25.3,9855.73,SESS,2,-2.929,LONG,2025-05
2025-07-10 14:00,2025-07-10 17:00,LONG,3323.7,3326.4,8.99,3316.96,3337.18,3346.16,False,0.0,0.0732,36.09,9891.82,TIME,3,-2.0,LONG,2025-07
2025-07-14 14:00,2025-07-14 17:00,LONG,3351.1,3359.2,9.63,3343.88,3365.54,3375.17,False,0.0,0.2337,115.59,10007.41,TIME,3,-1.869,LONG,2025-07
2025-09-09 14:00,2025-09-09 17:00,LONG,3684.3,3682.1,13.21,3674.39,3704.11,3717.32,False,0.0,-0.0677,-33.88,9973.53,TIME,3,-1.528,LONG,2025-09
2025-11-11 14:00,2025-11-11 15:00,LONG,4131.2,4122.44,11.69,4122.44,4148.73,4160.41,False,0.0,-0.2201,-109.78,9863.75,SL,1,-2.056,LONG,2025-11
2025-11-11 15:00,2025-11-11 17:00,LONG,4112.6,4119.9,12.83,4102.98,4131.84,4144.67,False,0.0,0.1695,83.59,9947.34,SESS,2,-2.21,LONG,2025-11
2025-11-25 16:00,2025-11-25 17:00,LONG,4132.2,4180.5,41.34,4101.2,4194.2,4235.54,False,0.0,1.1609,461.75,10409.09,SESS,1,-1.637,LONG,2025-11
2025-12-15 16:00,2025-12-15 17:00,LONG,4328.2,4334.3,25.12,4309.36,4365.88,4391.0,False,0.0,0.1329,69.18,10478.27,SESS,1,-1.595,LONG,2025-12
2025-12-23 14:00,2025-12-23 17:00,LONG,4476.7,4499.9,15.26,4465.25,4499.6,4514.86,True,0.5035,0.5102,266.8,10745.07,SESS,3,-2.61,LONG,2025-12
2025-12-24 14:30,2025-12-24 17:30,LONG,4491.9,4505.6,20.99,4476.16,4523.38,4544.36,False,0.0,0.297,159.56,10904.64,TIME,3,-2.014,LONG,2025-12
2026-01-02 14:00,2026-01-02 15:00,LONG,4364.7,4349.81,19.85,4349.81,4394.48,4414.33,False,0.0,-0.3491,-190.33,10714.3,SL,1,-2.252,LONG,2026-01
2026-01-02 15:00,2026-01-02 17:00,LONG,4346.5,4332.9,20.66,4331.01,4377.49,4398.14,False,0.0,-0.3209,-171.91,10542.39,SESS,2,-2.082,LONG,2026-01
2026-01-29 15:00,2026-01-29 18:00,LONG,5212.9,5367.7,70.74,5159.84,5319.01,5389.76,True,2.0276,2.9616,759.34,11301.74,SESS,3,-2.473,LONG,2026-01
2026-02-04 14:00,2026-02-04 15:00,LONG,5008.4,4979.32,38.77,4979.32,5066.56,5105.33,False,0.0,-0.5886,-332.61,10969.13,SL,1,-2.15,LONG,2026-02
2026-02-04 15:00,2026-02-04 17:00,LONG,4943.1,4921.3,42.53,4911.2,5006.89,5049.42,False,0.0,-0.449,-228.99,10740.14,SESS,2,-2.28,LONG,2026-02
2026-02-10 15:00,2026-02-10 17:00,LONG,5041.6,5049.7,29.27,5019.65,5085.51,5114.78,False,0.0,0.1527,81.98,10822.12,SESS,2,-1.894,LONG,2026-02
2026-03-02 15:00,2026-03-02 16:00,LONG,5329.6,5305.21,32.51,5305.21,5378.37,5410.89,False,0.0,-0.4656,-251.91,10570.21,SL,1,-1.819,LONG,2026-03
2026-03-02 16:00,2026-03-02 17:00,LONG,5304.0,5321.1,34.01,5278.49,5355.02,5389.04,False,0.0,0.3144,166.16,10736.37,SESS,1,-1.86,LONG,2026-03
